STATION,YEAR,MONTH,V1,F1,V2,F2,V3,F3,V4,F4,V5,F5,V6,F6,V7,F7,V8,F8,V9,F9,V10,F10,V11,F11,V12,F12,V13,F13,V14,F14,V15,F15,V16,F16,V17,F17,V18,F18,V19,F19,V20,F20,V21,F21,V22,F22,V23,F23,V24,F24,V25,F25,V26,F26,V27,F27,V28,F28,V29,F29,V30,F30,V31,F31
270165,1950,1,0,,0,,0,,0,,0,,0,,0,,0,,0,,0,,0,,0,,0,,0,,0,,0,,0,,0,,0,,0,,0,,0,,0,,0,,0,,0,,0,,0,,0,,0,,0,
270165,1950,2,0,,0,,0,,0,,0,,0,,0,,0,,0,,0,,0,,0,,0,,0,,0,,0,,0,,0,,0,,0,,0,,0,,0,,0,,0,,0,,0,,0,,-999.9,M,-999.9,M,-999.9,M
270165,1950,3,0,,0,,0,,0,,0,,0,,0,,0,,0,,0,,0,,0,,0,,0,,0,,0,,0,,0,,0,,0,,0,,0,,0,,0,,0,,0,,0,,0,,0,,0,,0,
270165,1950,4,0,,0,,0,,0,,0,,0,,0,,0.1,,0,,0,,0,,0,,10.4,,0,,0,,0,,0,,0,,0,,0.5,,0,,0,,12,,0,,1.2,,0,,0,,0,,50.4,,0,,-999.9,M
270165,1950,5,0,,40,,0,,0,,0,,0,,0,,0,,18.2,,0,,17.5,,0,,0,,0,,40.3,,35.9,,0,,0,,0,,9.4,,0,,0,,8.5,,6.1,,0,,0,,0,,0,,0,,0,,10.8,
270165,1950,6,3.4,,0,,0,,1.6,,1.3,,16.1,,0,,9.3,,0,,23.7,,0,,0,,0,,0,,0,,0,,0,,1.2,,0,,0,,0,,0,,12.5,,4.6,,24.5,,0,,0,,0,,9.1,,8,,-999.9,M
270165,1950,7,18.8,,4.1,,0,,0,,0,,12.5,,0,,20.5,,1.5,,0,,0,,0,,10.5,,0,,7.6,,5,,17,,9.5,,5,,40.8,,23.3,,0,,44.4,,4.9,,0,,17.3,,12.1,,10.2,,11.7,,1.5,,14.2,
270165,1950,8,0,,0,,7.6,,0,,15.2,,0,,0,,47.7,,0,,0,,1.1,,0,,8.7,,0.4,,20.2,,0,,10.2,,23.9,,27,,21.1,,2.6,,7,,64,,11.7,,1.6,,0,,21.1,,2,,0,,28.9,,10,
270165,1950,9,57.8,,41.5,,0.3,,76.4,,0,,0.7,,3.7,,45.5,,24.4,,0.8,,22.2,,0,,6.4,,1,,4,,0,,0.2,,5.2,,0,,0,,19,,4.9,,0,,0,,0,,0.5,,0,,43,,6.2,,0,,-999.9,M
270165,1950,10,7.1,,0,,0,,4.3,,8.8,,8,,0,,3.3,,16.4,,48.9,,14.5,,0,,0,,0,,23,,0,,4.1,,5.5,,0,,0,,0,,0,,9.3,,0,,0,,0,,0,,0,,0,,11.5,,0,
270165,1950,11,0,,0,,0.4,,0,,0,,0,,0,,0,,0,,0,,0,,0,,0,,0,,0,,0,,0,,0,,0,,0,,0,,0,,0,,0,,0,,0,,0,,0,,0,,0,,-999.9,M
270165,1950,12,0,,0,,0,,0,,0,,0,,0,,0,,0,,0,,0,,0,,0,,0,,0,,0,,0,,0,,0,,0,,0,,0,,0,,0,,0,,0,,0,,0,,0,,0,,0,
270165,1951,1,0,,0,,0,,0,,0,,0,,0,,0,,0,,0,,0,,0,,0,,0,,0,,0,,0,,0,,0,,0,,0,,0,,0,,0,,0,,0,,0,,0,,0,,0,,0,
270165,1951,2,0,,0,,0,,0,,0,,0,,0,,0,,0,,0,,5.6,,0,,0,,0,,0,,0,,0,,0,,0,,0,,0,,0,,0,,0,,0,,0,,0,,0,,-999.9,M,-999.9,M,-999.9,M
270165,1951,3,0,,0,,0,,0,,0,,5,,0,,0,,0,,0,,0,,0,,0,,0,,0,,0,,0,,0,,0,,0,,0,,0,,0,,0,,0,,2.4,,0,,0,,0.7,,0,,73,
270165,1951,4,0,,0,,0,,0,,0,,0,,0,,0,,11.9,,18.5,,2.1,,0,,0,,0,,0,,0,,0,,1.6,,5.1,,0,,0,,0,,0,,4.2,,0.4,,4,,2.8,,0,,0,,0,,-999.9,M
270165,1951,5,0,,10.9,,0,,0,,0,,0,,16,,0,,0,,2.3,,0.4,,0,,0,,0,,0,,0,,0,,0,,1.5,,7.7,,0,,25.9,,2.7,,0,,0,,24.2,,0,,0,,31.1,,0,,2.5,
270165,1951,6,6.9,,0,,13.8,,0,,0,,0,,7.2,,0,,28,,0,,0,,0,,0,,0,,17.1,,34,,0,,0,,0,,0,,34.4,,45.7,,0,,0,,13.4,,7.1,,0,,0,,12,,1,,-999.9,M
270165,1951,7,7.9,,19.2,,7.1,,0.7,,0,,0,,15.1,,11.6,,8.5,,0,,12.7,,0,,25.4,,0.5,,4.8,,13.8,,1.5,,0.8,,44.4,,18.3,,2.6,,16.8,,6,,4.2,,7.6,,9.6,,0,,0,,40.6,,1.4,,0,
270165,1951,8,75.6,,0.4,,10.6,,0,,20.8,,9.6,,3.6,,0.6,,16.2,,0,,0,,4.2,,5,,12,,0,,7.1,,18.2,,0,,0,,0,,16.7,,0,,0.6,,0,,26.4,,0,,54.3,,0,,9.4,,0.1,,3.3,
270165,1951,9,0,,19.5,,1.3,,0,,0,,0,,0,,20.6,,41.5,,1,,10.7,,21.5,,0.5,,31.3,,0,,5.9,,7.4,,0,,0.2,,0.2,,29.6,,16,,2.9,,1.8,,8,,1.4,,0.3,,0.8,,0,,0.4,,-999.9,M
270165,1951,10,37.4,,0.4,,2.6,,0,,4.1,,0,,0,,0,,30.8,,0,,0.8,,0,,29.6,,11.3,,0,,0,,0,,18.2,,3.6,,5.8,,27.5,,6.1,,11.6,,0,,0,,0,,1.7,,0,,0,,0,,13.1,
270165,1951,11,0,,0,,2.6,,0,,0,,0,,0,,0,,9.8,,2.2,,0,,0,,0,,0,,0,,0,,0,,0,,0,,0,,0,,0,,0,,0,,0,,0,,0,,0,,0,,0,,-999.9,M
270165,1951,12,0,,0,,0,,0,,0,,0,,0,,0,,0,,0,,0,,0,,0,,0,,0,,0,,7.1,,0,,0,,0.8,,0,,0,,0,,0,,0,,0,,0,,0,,0,,0,,0,
270165,1952,1,0,,0,,0,,0,,0,,0,,0,,0,,0,,0,,0,,0,,0,,0,,0,,0,,0,,0,,0,,0,,0,,0,,0,,0,,0,,0,,0,,0,,0,,0,,0,
270165,1952,2,0,,0,,0,,0,,0,,0,,0,,0,,0,,0,,0,,0,,0,,0,,0,,0,,0,,0,,0,,0,,0,,0,,0,,0,,0,,0,,0,,0,,0,,-999.9,M,-999.9,M
270165,1952,3,0,,0,,0,,0,,0,,0,,0,,0,,0,,0,,0,,0,,0,,0,,0,,0,,0,,0,,0,,0,,0,,0,,0,,0,,0,,0,,0,,0,,0,,0,,0,
270165,1952,4,0,,0,,0,,0,,0,,0,,0,,0,,0,,0,,0,,0,,0,,0,,1.8,,0,,0,,0,,3.8,,0,,0,,0,,0,,0,,0,,0,,0,,0,,0,,0,,-999.9,M
270165,1952,5,0,,16,,40.5,,0,,0,,0,,0,,0,,0.7,,0,,0,,0,,0,,0,,0,,0,,32.3,,0,,0,,0,,10.8,,2.7,,0,,0,,19.2,,9,,0,,0.6,,16.1,,0,,0,
270165,1952,6,7.9,,0,,0,,0,,0,,0,,0,,22.1,,0,,13.5,,0,,0,,0,,11.8,,0,,0,,2.2,,0,,0,,0,,0,,0,,0,,24.7,,0,,0,,0,,2.4,,1,,0,,-999.9,M
270165,1952,7,0,,2.6,,7.7,,1.1,,13.2,,6.5,,1.2,,0,,50.6,,23.5,,19.9,,1.7,,0,,6.5,,5.6,,0,,7.9,,0,,0,,2,,2.3,,56.7,,0,,1.7,,2.5,,1.4,,2.6,,0,,5.3,,2.4,,1.9,
270165,1952,8,0,,0,,3.6,,11.3,,0,,29.6,,0.8,,0.4,,0,,44.2,,0,,0,,0,,26.6,,0,,12.5,,8.7,,0,,1.1,,0.6,,23.3,,3,,11.5,,16.8,,14.1,,23.2,,0.8,,65.5,,5.4,,0,,0,
270165,1952,9,51,,1.3,,0,,0,,13.2,,0,,0,,2.8,,22.9,,0,,0,,11.8,,0,,11,,29.6,,0,,4.9,,6.1,,2.8,,3.3,,1.4,,29.9,,0.8,,3.1,,15,,2.8,,0,,0,,8.9,,0.4,,-999.9,M
270165,1952,10,12,,2,,0,,0,,1.6,,0,,41.6,,0.7,,2.4,,16.9,,0,,0,,0,,8.9,,0,,0,,0,,5.2,,0,,0,,0,,0,,0,,0,,0,,16.8,,0,,0,,0,,0,,0,
270165,1952,11,0,,0,,0,,0,,0,,0,,0,,0,,0,,0,,0,,0,,0,,0,,0,,0,,0,,0,,0,,0,,0,,0,,0,,0,,0,,0,,0,,0,,0,,0,,-999.9,M
270165,1952,12,0,,0,,0,,0,,0,,0,,0,,0,,0,,0,,0,,0,,0,,0,,0,,0,,0,,0,,0,,0,,0,,0,,0,,0,,0,,0,,0,,0,,0,,0.3,,0,
270165,1953,1,0,,0,,0,,0,,0,,0,,0,,0,,0,,0,,0,,0,,0,,0,,0,,0,,0,,0,,0,,0,,0,,0,,0,,0,,0,,0,,0,,0,,0,,0,,0,
270165,1953,2,0,,0,,0,,0,,0,,0,,0,,0,,0,,0,,0,,0,,17.6,,0,,0,,0,,0,,0,,0,,0,,0,,0,,0,,0,,0,,0,,0,,0,,-999.9,M,-999.9,M,-999.9,M
270165,1953,3,0,,0,,0,,0,,0,,0,,0,,0,,0,,0,,0,,0,,7.1,,0,,0,,0,,0,,0,,0,,0,,0,,0,,0,,0,,0,,0,,0,,0,,0,,0,,0,
270165,1953,4,0,,0,,0,,0,,0,,0,,0,,0,,0,,0,,0,,0,,0,,0,,2.3,,0,,0,,0,,0,,0,,0,,0,,0.1,,11.2,,0.8,,0,,0,,0,,1.3,,0,,-999.9,M
270165,1953,5,2.7,,0,,0,,24.5,,0,,0,,50.8,,1.8,,0,,6.8,,23.2,,0,,0,,17.8,,0,,0,,0,,0,,0,,0,,0,,0,,0.8,,0,,0,,22.2,,0,,40.1,,0,,1.2,,33.2,
270165,1953,6,0,,55.3,,4.9,,0.3,,4.4,,0,,12.1,,13.1,,0,,6.1,,0,,0,,0,,0,,0,,8.5,,8.5,,0,,32.3,,0,,0,,21.5,,1.8,,1.5,,0,,1.1,,17,,0,,1.2,,10.2,,-999.9,M
270165,1953,7,0,,0,,32.6,,0,,0,,0,,60.1,,0,,26.9,,0,,0,,0,,0,,0,,0,,0,,11.3,,25.9,,0,,0,,30.9,,42.1,,0.9,,46.3,,1.3,,0,,71.6,,0,,0,,1.5,,0.7,
270165,1953,8,4.8,,0,,64,,1.4,,0,,0,,20.3,,0,,0,,9.4,,0,,9.7,,41.7,,5.6,,3.1,,0,,7.6,,30,,5.4,,0,,0,,0,,0,,44,,0.7,,0.5,,34.8,,8.6,,10.2,,2.7,,8.3,
270165,1953,9,94.6,,0.5,,0.8,,23.4,,0,,26.6,,6.4,,4.1,,16.5,,8.2,,3.6,,0,,0,,0,,3.8,,0,,0,,0,,0,,39.1,,0,,0,,7.5,,0,,16.4,,8.6,,19,,0.2,,10,,0,,-999.9,M
270165,1953,10,4.4,,4.7,,0.5,,0,,0,,0,,0,,7.9,,0,,38.6,,0,,22.1,,2.1,,0,,7.8,,0,,0,,8.1,,7.4,,0,,7.1,,6.3,,0,,5.8,,0,,0,,0,,3,,0,,4.5,,0,
270165,1953,11,0,,0,,0,,0,,0.3,,5.4,,0,,0,,0,,0,,0,,0,,0,,0.2,,0,,0,,0,,0,,0,,0,,2.5,,0,,0,,0,,0,,0,,0,,0,,0,,0,,-999.9,M
270165,1953,12,0,,0,,0,,0,,0,,0,,0,,0,,0,,0,,0,,0,,0,,0,,0,,0,,0,,0,,0,,0,,0,,0,,0,,0,,0,,0,,0,,0,,0,,0,,0,
270165,1954,1,0,,0,,0,,0,,0,,0,,0,,0,,0,,0,,0,,0,,0,,0,,0,,0,,0,,0,,0,,0,,0,,0,,0,,0,,0,,0,,0,,0,,0,,0,,0,
270165,1954,2,0,,0,,0,,0,,0,,0,,0,,0,,0,,0,,0,,0,,0,,0,,0,,0,,0,,0,,0,,0,,0,,0,,0,,0,,0,,11.7,,0,,0,,-999.9,M,-999.9,M,-999.9,M
270165,1954,3,0,,0,,0,,0,,0,,0,,0,,0,,0,,0,,0,,0,,0,,0,,0,,0,,0,,0,,0,,0,,0,,0,,0,,0,,1.1,,3.4,,0.4,,1.3,,0,,0,,0,
270165,1954,4,9.5,,0,,0,,11.2,,0,,0,,1.8,,0,,0,,0,,0,,0,,0,,2.4,,0,,0,,0,,0,,0,,0,,0,,0,,0,,0,,0,,0,,16.7,,0,,38,,9,,-999.9,M
270165,1954,5,0,,0,,0,,0,,13.8,,0,,6.9,,0,,0,,0,,0,,0,,0,,0,,16.2,,0,,0.8,,0,,40.6,,0,,1,,0,,0,,0,,0,,0,,0,,14.5,,0,,24.6,,3.4,
270165,1954,6,0.7,,2.5,,4,,15.4,,0,,0,,4.9,,0.4,,0,,0,,5.6,,0,,0,,25.5,,0,,22.5,,0,,4.9,,5.5,,0.3,,19.5,,0.9,,6.3,,24.1,,0,,0,,10.1,,1.3,,1.2,,0,,-999.9,M
270165,1954,7,0,,4.3,,0,,0,,0,,3,,29.7,,0,,0,,24.9,,9.3,,0,,0,,0,,0.2,,0,,0,,1.3,,0,,4.8,,15.7,,21.3,,0.9,,0,,0,,31.4,,25.8,,0,,0,,0,,1.8,
270165,1954,8,0,,42.1,,0,,0,,39.5,,3.6,,0,,17,,0,,11.1,,18.1,,0,,9.8,,0,,7.4,,9.6,,25.3,,6.2,,1.9,,26.1,,102.6,,0.4,,21.9,,50.9,,4.7,,0,,2.6,,10.9,,56.5,,8,,0,
270165,1954,9,16.5,,0,,0,,29.9,,0,,0,,0,,15.7,,0,,20.6,,4.6,,58.7,,0,,0,,9.4,,8,,0,,3.2,,0,,7.7,,0,,30.1,,1.7,,4.6,,1.6,,18,,0,,7.2,,0,,0.3,,-999.9,M
270165,1954,10,14,,11.6,,0,,1.8,,0,,3.6,,0,,0,,0,,0,,0,,12.3,,35.8,,1.9,,16.1,,0,,0,,0,,7.2,,0,,0,,0,,4,,0,,0,,0,,0,,1,,51.7,,0,,0,
270165,1954,11,0,,0,,0,,0,,0,,0,,0,,0,,0,,0,,0,,0,,0,,0,,0,,0.5,,3.1,,0,,0,,0,,0,,0,,0,,0,,1.7,,0,,0,,0,,0,,0,,-999.9,M
270165,1954,12,0,,0,,0,,0,,0,,0,,0,,0,,0,,0,,0,,0,,0,,0,,0,,0,,0,,0,,0,,0,,0,,0,,0,,0,,0,,0,,0,,0,,0,,0,,0,
270165,1955,1,0,,0,,0,,0,,0,,0,,0,,0,,0,,0,,0,,0,,0,,0,,0,,0,,0,,0,,0,,0,,0,,0,,0,,0,,0,,0,,0,,0,,0,,0,,0,
270165,1955,2,0,,0,,0,,0,,0,,0,,0,,0,,0,,0,,0,,0,,0,,0,,0,,0,,0,,0,,0,,0,,0,,0,,0,,0,,0,,16.6,,1.6,,0,,-999.9,M,-999.9,M,-999.9,M
270165,1955,3,0,,0,,0,,0,,0,,0,,0,,0,,0,,6,,4.1,,0,,0,,0,,0,,0,,0,,0,,0,,7.6,,0,,3.8,,0,,11.1,,0,,0,,0,,0,,0,,2,,0,
270165,1955,4,3,,0,,0,,0,,0,,0,,0,,0,,0,,0,,0,,4.2,,0,,0,,0,,0,,0,,0,,0,,0,,0,,1,,5.7,,0,,31,,0,,0,,0,,0,,0,,-999.9,M
270165,1955,5,0,,0,,0,,0,,0,,0,,0,,0,,1.1,,0,,0,,0,,0.7,,0,,0,,0,,24.8,,26.3,,2.8,,0,,0,,11.8,,0.6,,11.1,,0,,1.4,,4.2,,0,,24.6,,0,,3.9,
270165,1955,6,8.5,,0,,3.7,,0,,0,,0.2,,0.8,,10.4,,0,,10.6,,0.6,,0,,18,,10.2,,0,,1.9,,0,,7.7,,0,,0,,13,,7.9,,0,,14.8,,13.9,,0,,0,,0.1,,2.3,,0.1,,-999.9,M
270165,1955,7,0,,0,,0,,3.9,,0,,0,,52.5,,1.2,,24,,0,,2,,8,,0,,0,,10,,11.4,,0,,0,,145.7,,0,,0,,28.7,,14.7,,0.3,,2.9,,24.9,,7.3,,11.6,,13.8,,0.7,,10,
270165,1955,8,0,,41.2,,3.8,,0,,1.1,,24.9,,0,,28.9,,4.8,,5.8,,0.3,,20.4,,1.7,,24.3,,17.7,,15.3,,27.7,,0.5,,19,,0,,9.9,,10,,0,,0,,1,,7,,1.2,,9,,0.4,,5.3,,4.1,
270165,1955,9,0,,21.4,,12.2,,12.3,,0,,1.8,,2.6,,7.5,,0,,21.4,,22,,0.4,,0,,14.5,,4.3,,1.4,,17.6,,2.5,,0,,1,,1.8,,0,,11.5,,17.9,,6.3,,0,,24.5,,57.2,,11.9,,16.7,,-999.9,M
270165,1955,10,0,,0,,0,,16.3,,0,,7.1,,21,,4.5,,0,,0,,5.1,,0,,0.8,,0.7,,0,,0,,0,,0,,0.9,,12.1,,0,,0,,0,,0,,0.5,,0.4,,0.9,,4.2,,5.5,,0,,0,
270165,1955,11,0,,5.6,,0,,0,,0,,0,,0,,0,,0,,0,,0,,0,,0,,0,,0,,0,,0,,0,,0,,0,,0,,0,,0,,0,,0,,0,,0,,0,,0,,0,,-999.9,M
270165,1955,12,0,,0,,0,,0,,22.4,,9,,5.7,,0,,0,,0,,0,,0,,0,,0,,0,,0,,0,,0,,0,,0,,0,,0,,0,,0,,0,,0,,0,,0,,0,,0,,0,
270165,1956,1,0,,0,,0,,0,,0,,0,,0,,0,,0,,0,,0,,0,,0,,0,,0,,0,,0,,0,,0,,0,,0,,0,,0,,0,,0,,0,,0,,0,,0,,0,,0,
270165,1956,2,0,,0,,0,,0,,0,,0,,0,,0,,0,,0,,0,,0.7,,0,,0,,0,,0,,0,,1.1,,0.4,,0,,0,,0,,0,,0,,0,,0,,0,,0,,0,,-999.9,M,-999.9,M
270165,1956,3,0,,0,,0,,0,,0,,0,,0,,0,,0,,0,,4.5,,0,,0,,1,,0,,0,,0,,0,,0,,0,,0,,0,,0,,0,,0,,0,,0,,9.7,,0,,0,,0,
270165,1956,4,0.3,,0,,0,,0,,0,,8.7,,3.3,,0,,0,,0,,0,,0,,0,,0,,0,,2.2,,50.1,,0.4,,0,,0,,15.1,,0.3,,0,,0,,0,,0,,1.6,,0,,0,,16.2,,-999.9,M
270165,1956,5,0,,0,,0,,0,,0,,0,,0.5,,0,,0,,29.9,,0,,0,,0,,0,,2.5,,1.6,,0,,0,,0,,0,,9.6,,0.4,,0,,2,,0,,0,,5.3,,0,,1.8,,14.1,,8.3,
270165,1956,6,0,,0,,0,,14.3,,6.6,,5,,0,,1.4,,0,,0,,16.4,,0,,0,,0,,0,,14.2,,1.4,,0.5,,0,,10.7,,5.8,,15.3,,2.3,,0,,1.2,,18.7,,0,,0,,4,,0,,-999.9,M
270165,1956,7,0,,6.6,,0,,0,,0,,0,,5.3,,3.2,,44.7,,0,,0,,1.2,,30.6,,0,,0.1,,2.3,,4.5,,11.7,,1.5,,0,,55,,0.6,,8.6,,3.7,,1.4,,0,,0,,2.2,,1.2,,31,,4.3,
270165,1956,8,2.4,,17.4,,0,,16.3,,0,,13.2,,1,,1.6,,3.1,,15.2,,0,,0,,0,,40.9,,8.1,,0.1,,0,,60.9,,0,,0,,57.4,,4.1,,2.4,,0.7,,10.8,,6.2,,5.1,,13.5,,13.3,,14.2,,0.3,
270165,1956,9,0,,0,,15.3,,0,,38.5,,1.5,,15.1,,0,,27.5,,9,,0,,3.7,,12.2,,3,,11.1,,3.2,,3.9,,0,,73.6,,5.2,,7.1,,2,,0.3,,0,,1.1,,1.5,,1.3,,0,,0,,1.2,,-999.9,M
270165,1956,10,0,,11.5,,25.2,,8.5,,19.6,,16.3,,0,,0.3,,2.6,,2.8,,0,,0,,0,,0,,0,,0,,0,,0,,0,,0,,0,,0,,0,,0,,0,,0,,0,,0,,0,,0,,0.2,
270165,1956,11,0,,0,,0,,0,,0,,0,,23.1,,0.2,,0,,0,,0,,0,,0,,0,,0,,0,,0,,0,,0,,0,,0,,0,,0,,0,,0,,0,,0,,0,,0,,0,,-999.9,M
270165,1956,12,0,,0,,0,,0,,0,,0,,0,,0,,0,,0,,0,,0,,0,,0,,0,,0,,0,,0,,0,,0,,0,,0,,0,,0,,0,,0,,0,,0,,0,,0,,0,
270165,1957,1,0,,0,,0,,0,,0,,0,,0,,0,,0,,0,,0,,0,,0,,0,,0,,0,,0,,0,,0,,0,,0,,0,,0,,0,,0,,0,,0,,0,,0,,0,,0,
270165,1957,2,0,,0,,0,,0,,0,,0,,0,,0,,0,,0,,0,,0,,0,,0,,0,,0,,0,,0,,0,,0,,0,,0,,0,,0,,0,,0,,0,,0,,-999.9,M,-999.9,M,-999.9,M
270165,1957,3,0,,9,,0,,0,,0,,0,,0,,0,,0,,0,,0,,0,,0,,0,,0,,0,,0,,0,,0,,0,,0,,0,,0,,0,,0,,0,,0,,0,,0.7,,0,,0,
270165,1957,4,0,,0,,0,,0,,0,,0,,0,,0,,0,,0,,0,,0.4,,0,,0,,0,,0,,0,,3.2,,3.5,,3.8,,2,,0,,0,,0,,0,,0,,0,,0,,0,,18.8,,-999.9,M
270165,1957,5,0.2,,0,,0,,0,,4.2,,0,,28.1,,0.7,,0,,0,,0,,1.2,,0,,0,,2.7,,32,,0,,0,,0.5,,0,,22.4,,6.6,,0,,44.7,,0,,0,,1.2,,0,,0,,3.8,,0,
270165,1957,6,0,,7.8,,0,,7.3,,0,,3,,1.7,,0,,0,,3.2,,9.1,,0,,42.1,,31.6,,0,,2.9,,19.8,,6.7,,23.7,,3.8,,11.1,,0,,0,,0,,0.1,,0,,0,,0,,1.4,,14.5,,-999.9,M
270165,1957,7,0,,96.2,,0.4,,0.2,,7.2,,46.7,,14.5,,1.9,,1.5,,28.2,,0,,0.3,,0,,7,,0.3,,15.1,,0,,0,,21.9,,0.2,,0.3,,18.1,,0,,13.2,,5,,16.3,,9.3,,0.3,,59.6,,0.5,,0,
270165,1957,8,7.1,,11.8,,0.2,,3.2,,11.6,,0,,11.1,,0,,13.1,,0,,9.6,,2.8,,0,,37.7,,5.3,,5.5,,0,,3.5,,6.5,,14.3,,20.2,,26.2,,7.4,,0.2,,15.3,,30.8,,6.2,,0.8,,14.1,,0.8,,0.9,
270165,1957,9,30.1,,6.4,,4.1,,24.5,,17.7,,4.8,,5.1,,2.5,,3.1,,0,,22,,7.2,,0.1,,0.2,,4.5,,0,,0,,1.2,,0.3,,9.5,,0.3,,0.3,,0,,53.4,,0.3,,5.3,,15.5,,0,,0,,15.2,,-999.9,M
270165,1957,10,3.3,,11.3,,0,,0,,6.3,,0,,0.4,,0,,0,,0,,0,,0,,3.1,,1.2,,0,,20.1,,0,,11.7,,0,,0,,1.3,,0.5,,0,,0,,0,,0,,0.3,,0,,0,,0,,3.7,
270165,1957,11,0,,1.9,,0.5,,0,,0,,0,,0,,0.8,,0,,0,,0,,0,,0,,0,,0,,0,,0,,0,,0,,0,,0,,0,,0,,0,,0,,0,,0,,0,,0,,0,,-999.9,M
270165,1957,12,0,,0,,0,,0,,0,,0,,0,,0,,0,,0,,0,,0,,0,,0,,0,,0,,0,,0,,0,,0,,0,,0,,0,,0,,0,,0,,0,,0,,0,,0,,0,
270165,1958,1,0,,0,,0,,0,,0,,0,,0,,0,,0,,0,,0,,0,,0,,0,,0,,0,,0,,0,,0,,0,,0,,0,,0,,0,,0,,0,,0,,0,,0,,0,,0,
270165,1958,2,0,,0,,0,,0,,0,,0,,0,,0,,0,,0,,0,,0,,0,,0,,0,,0,,0,,0,,0,,0,,0,,0,,0,,0,,0,,0,,0,,0,,-999.9,M,-999.9,M,-999.9,M
270165,1958,3,0,,0,,0,,0,,0,,0,,0,,0,,0,,0,,0,,0,,0,,0,,0,,0,,0,,0,,0,,0,,0,,0,,0,,0,,0,,0,,0,,0,,0,,0,,0,
270165,1958,4,0,,0,,0,,0,,0,,0,,0,,0,,0,,0,,0,,0,,25.4,,17.3,,0.4,,0,,0,,0,,6.3,,0,,0,,32.2,,0,,0,,0,,0,,0,,0,,3.4,,0,,-999.9,M
270165,1958,5,0,,0,,0,,0,,0,,0,,0,,11,,2.2,,12,,0,,2.8,,0,,5,,0,,0.6,,0,,0,,0,,33.5,,0,,0,,18.4,,0,,0.4,,10.3,,0,,0,,0,,0,,0.8,
270165,1958,6,0,,0,,2.6,,1.4,,0,,6.8,,0,,0.9,,24.9,,3,,12.6,,0,,30,,1.6,,0,,0,,0,,5.7,,2.5,,0,,0,,12,,0,,5.7,,0,,0,,0,,6,,39.2,,0,,-999.9,M
270165,1958,7,0,,0,,0.2,,8.8,,0,,0,,0,,51.3,,14.1,,0.4,,0,,0.7,,6.6,,10.1,,0,,15.5,,0,,0,,14.6,,23,,0,,0,,0,,4.7,,4.5,,4.5,,0,,19.2,,17.4,,0.3,,1.1,
270165,1958,8,13.3,,0.6,,35.7,,8.7,,44,,4.5,,0,,0,,0,,4.4,,15,,0,,4.2,,0,,6.5,,29.5,,6.7,,1.6,,126,,75,,1.1,,0,,36.8,,0,,27.6,,16,,0.6,,6,,12.7,,0,,19.7,
270165,1958,9,34.4,,0.8,,28.3,,27.8,,0,,20,,4.4,,5.7,,0.2,,0,,51.8,,2.6,,12.6,,0,,0,,0,,20.7,,0,,23,,0.2,,0,,24.3,,2.3,,2.2,,0.8,,0,,0,,17.8,,0.5,,20.3,,-999.9,M
270165,1958,10,0,,0,,6.3,,10.1,,25.1,,6,,0,,29.6,,0,,0,,0,,0,,0,,0.5,,4,,0,,0,,0,,0,,0,,4.1,,8.5,,0,,0,,0,,0,,0,,0,,0,,0,,5.9,
270165,1958,11,0,,1.8,,0,,10.5,,0.4,,0,,0,,0,,0,,2,,0,,0,,0,,0,,0,,0.1,,0,,0,,0,,0,,0,,0,,0,,0,,3.8,,0.3,,0,,0,,0,,0,,-999.9,M
270165,1958,12,0,,0,,0,,0,,0,,0,,0,,0,,0,,0,,0,,0,,0,,0,,0,,0,,0,,0,,0,,0,,0,,0,,0,,0,,0,,0,,0,,0,,0,,0,,0,
270165,1959,1,0,,0,,0,,0,,0,,0,,0,,0,,0,,0,,0,,0,,0.9,,0,,0,,0,,0,,0,,0,,0,,0,,0,,0,,0,,0,,0,,0,,0,,0,,0,,0,
270165,1959,2,0,,0,,0,,0,,0,,0,,0,,0,,0,,0,,0,,0,,0,,0,,0,,0,,0,,0,,0,,0,,0,,0,,0,,0,,0,,0,,0,,0,,-999.9,M,-999.9,M,-999.9,M
270165,1959,3,0,,0,,0,,0,,0,,0,,0,,0,,0,,0,,0,,0,,0,,0,,0,,0,,0,,0,,0,,0,,0,,0,,0,,0,,0,,0,,0,,0,,0,,0,,0,
270165,1959,4,0,,0,,0,,0,,0,,0,,0,,0,,0,,0,,0,,0,,0,,0,,0,,0,,0.3,,0,,0,,0,,0,,0,,0,,0,,0,,0,,6.1,,0.2,,0,,0.3,,-999.9,M
270165,1959,5,1.7,,2.2,,48.7,,49.1,,2.2,,0,,0.3,,0.5,,0,,0,,0,,0,,16.5,,4,,0,,0,,11.7,,0,,0,,0,,0.7,,25.3,,0,,11.5,,0,,0.1,,0,,3.1,,32.5,,2.1,,0,
270165,1959,6,0,,0,,6.8,,0,,0,,0,,0,,2.9,,0,,6.5,,0,,12.5,,0,,16.8,,0,,0,,8.5,,1.1,,0,,0,,5.7,,0,,17.4,,2.7,,7.8,,0,,0,,0,,0,,15.6,,-999.9,M
270165,1959,7,0,,0.5,,0,,0,,0,,14.7,,0,,0,,5.4,,0,,0,,0,,9.4,,0.7,,0,,0,,11.2,,2.5,,42.2,,12.7,,0,,1.1,,9.2,,20.9,,25.4,,5.9,,31.2,,4.5,,0,,0,,53.8,
270165,1959,8,3.7,,7.4,,23.5,,13.7,,71.2,,0,,0,,6.6,,8.9,,34.5,,40.9,,0.3,,3.6,,11.4,,10,,20.8,,12.2,,1.7,,0,,31.7,,2.7,,0,,14.2,,16.7,,27.8,,2.7,,0,,35.9,,1.6,,0.3,,1.3,
270165,1959,9,18,,0,,14,,2,,8.4,,0.9,,4.6,,3.6,,0.8,,11.6,,1.2,,11.8,,5.2,,14.4,,0,,73.7,,4.5,,3.8,,0,,0,,1.6,,3.8,,6.5,,0,,0,,0,,0,,0,,4.5,,0,,-999.9,M
270165,1959,10,0,,4.5,,0,,0,,0,,0,,0,,0,,0,,0,,0,,0,,0,,0,,0,,0,,7.2,,0,,0.7,,0,,26.8,,0.9,,12.1,,0,,0,,0,,0,,0,,0,,0,,0,
270165,1959,11,0,,0,,17,,0,,0,,0,,0,,0,,0,,0,,0,,0,,0,,0,,0,,0,,0,,24.8,,0,,0,,0,,0,,0,,0,,0,,0,,0,,0,,0,,0,,-999.9,M
270165,1959,12,0,,0,,0,,0,,0,,0,,0,,0,,0,,0,,0,,0,,0,,0,,0,,0,,0,,0,,0,,0,,0,,0,,0,,0,,0,,0,,0,,0,,0,,0,,0,
270165,1960,1,0,,0,,0,,0,,0,,0,,0,,0,,0,,0,,0,,0,,0,,0,,0,,0,,0,,0,,0,,0,,0,,0,,0,,0,,0,,0,,0,,0,,0,,0,,0,
270165,1960,2,0,,0,,0,,0,,0,,0,,0,,0,,0,,0,,0,,0,,0,,0,,0,,0,,0,,0,,0,,0,,0,,0,,0,,0,,0,,0,,0,,0,,0,,-999.9,M,-999.9,M
270165,1960,3,0,,0,,0,,0,,0,,0,,0,,0,,0,,0,,0,,0,,0,,0,,0,,0,,0,,0,,0,,0,,5.6,,0,,0,,3.1,,0,,0,,0,,0,,0,,0,,0,
270165,1960,4,0,,0,,0,,0,,0,,0,,0.3,,0,,0,,0,,0,,0,,0.4,,0.2,,1.5,,0,,0,,0,,0,,0,,0,,0,,0,,0,,0,,0,,0,,0,,0,,0,,-999.9,M
270165,1960,5,3.3,,8.3,,0,,0,,0,,0,,0,,0,,0,,0,,1.7,,0,,0,,0,,0,,0,,0,,0,,0,,8.1,,15.4,,2.9,,3.5,,8.2,,2.6,,0,,0,,0,,0.4,,8.5,,0.3,
270165,1960,6,0,,12.1,,0.6,,0,,0,,14.5,,23.4,,0,,0,,3.4,,0,,0,,0,,0.9,,16.7,,31.7,,17.6,,32.9,,6.6,,0,,0,,5.2,,1.2,,0,,0.5,,0,,0,,4,,0,,9.7,,-999.9,M
270165,1960,7,5.5,,5.9,,18.4,,0,,0.5,,0,,22.7,,0,,22.1,,14.9,,0,,7,,0,,0,,0,,0,,14.6,,44.7,,0.6,,0,,60.6,,6.4,,0.3,,83.8,,0,,17.9,,12.3,,7.6,,0,,23,,17.5,
270165,1960,8,16.7,,0,,0,,17.8,,0,,0,,3.3,,7.2,,18.9,,2,,1.8,,14.1,,7.7,,37.1,,0,,0,,9,,0,,0,,3.4,,0,,21.2,,15.2,,1,,0.3,,66.7,,0,,0,,0,,14.1,,0,
270165,1960,9,11.6,,11.7,,2.7,,5.8,,56.2,,5,,3.9,,6,,0,,5.5,,2.1,,32.4,,14.7,,5.1,,3.3,,2.2,,0,,8.7,,18.1,,5,,11.2,,0,,0,,2,,0,,10.8,,2.3,,2.8,,1.6,,2.1,,-999.9,M
270165,1960,10,0.8,,0,,0,,0,,1.2,,0,,4.6,,18.5,,0,,1.9,,2.4,,0,,0,,0,,0.4,,0,,0,,0,,0,,5.6,,7.6,,0,,0,,12.7,,2.6,,2.1,,0,,0,,0,,0,,0,
270165,1960,11,0,,0,,0,,0,,0,,0,,0,,0,,3.9,,0,,0,,0,,0,,0,,0,,0,,0,,0,,0,,0,,0,,0,,0,,0,,0,,0,,0,,0,,0,,0,,-999.9,M
270165,1960,12,0,,0,,0,,0,,0,,0,,0,,0,,0,,0,,0,,0,,0,,0,,0,,0,,0,,0,,0,,0,,0,,0,,0,,0,,0,,0,,0,,0,,0,,0,,0,
270165,1961,1,0,,0,,0,,0,,0,,0,,0,,0,,0,,0,,0,,0,,0,,0,,0,,0,,0,,0,,0,,0,,0,,0,,0,,0,,0,,0,,0,,0,,0,,0,,0,
270165,1961,2,0,,0,,0,,0,,0,,0,,0,,0,,0,,0,,0,,0,,0,,0,,0,,0,,0,,0,,0,,0,,0,,0,,0,,0,,0,,0,,0,,0,,-999.9,M,-999.9,M,-999.9,M
270165,1961,3,0,,0,,0,,0,,0,,0,,0,,0,,0,,0,,0,,0,,0,,0,,0,,0,,0,,0,,0,,0,,0,,0,,0,,0,,0,,0,,0,,0,,0,,0,,0,
270165,1961,4,0,,0,,0,,0.5,,0,,0,,0,,5.8,,0,,0,,15,,0,,0,,0,,0,,0,,0,,0,,0,,0,,0,,0,,0,,0,,0,,0,,0,,2.4,,0,,0,,-999.9,M
270165,1961,5,0,,0,,0,,0,,4.6,,0,,0,,0,,0,,0,,3.1,,2.4,,1.7,,0,,29.5,,8.2,,0,,11,,0,,0,,1.4,,0,,0.3,,6,,1.4,,0,,0,,0,,2.3,,0,,0,
270165,1961,6,1.9,,0,,2.7,,0,,20,,0,,0,,0,,0,,0,,0,,2.5,,0,,0,,0,,0,,0,,35.5,,0,,38.5,,1.1,,0,,0.1,,0,,0,,0,,35,,18.9,,0,,0,,-999.9,M
270165,1961,7,41.1,,2.5,,0.5,,0,,16.2,,0,,5.3,,0,,7.4,,0,,0,,4.2,,8.3,,1,,0,,0,,19.6,,5.7,,0,,50.1,,0,,10.8,,7.2,,20.2,,19.3,,0.2,,0,,32.2,,9.8,,97.9,,8.4,
270165,1961,8,0,,10.2,,5.9,,9.8,,63.3,,9,,0,,9.4,,5.6,,16.9,,5.9,,39.1,,1.6,,35.1,,0,,0,,0,,2.5,,0,,0,,0,,0,,14.3,,1,,0.8,,49.6,,6.8,,10.8,,3.2,,18.1,,5.5,
270165,1961,9,3.5,,13.1,,54.1,,0,,3,,9,,5.7,,2.1,,0,,0.3,,1.8,,0.4,,7.4,,0.4,,2,,5,,14.6,,0,,0,,0.9,,0,,4.6,,0,,0,,13.2,,0,,0,,0,,0,,0,,-999.9,M
270165,1961,10,4.6,,0,,10,,0,,1.9,,0,,0,,0,,0,,1.2,,0,,0,,0,,0,,0,,0,,0,,2.2,,0,,0,,0,,0.9,,1.2,,0,,2.5,,0,,0,,0,,0.8,,0,,0,
270165,1961,11,0,,0,,0,,0,,0,,0,,0,,0,,2.7,,27.5,,0,,0,,0,,0,,0,,0,,0,,0,,0,,0,,0,,0,,0,,0,,0,,0,,0,,0,,0,,0,,-999.9,M
270165,1961,12,0,,0,,0,,0,,0,,0,,0,,0,,0,,0,,0,,0,,0,,0,,0,,0,,0,,0,,0,,0,,0,,0,,0,,0,,0,,0,,0,,0,,0,,0,,0,
270165,1962,1,0,,0,,0,,0,,0,,0,,0,,0,,0,,0,,0,,0,,0,,0,,0,,0,,0,,0,,0,,0,,0,,0,,0,,0,,0,,0,,0,,0,,0,,0,,0,
270165,1962,2,0,,0,,0,,0,,0,,0,,0,,0,,0,,0,,0,,0,,0,,0,,0,,0,,0,,0,,0,,0,,0,,0,,0,,0,,0,,0,,0,,0,,-999.9,M,-999.9,M,-999.9,M
270165,1962,3,0,,0,,0,,0,,0,,0,,0,,0,,0,,0,,0,,0,,0,,0,,0,,0,,0,,0,,0,,0,,0,,0,,0,,0,,0,,0,,0,,0,,0,,0,,0,
270165,1962,4,0,,0,,0,,1.1,,11.6,,0,,0,,0,,0,,0,,0,,0,,0,,0,,0,,2.7,,0.9,,0,,20.2,,1.1,,0,,0,,0,,0.9,,0.7,,0,,14.6,,6.5,,0,,0,,-999.9,M
270165,1962,5,0,,0,,0,,0,,0,,0,,0,,0,,3,,0,,0,,0,,0,,0,,8,,0,,0,,0,,0,,0,,0,,0,,0,,0,,0,,7,,0.8,,0,,1.4,,6.8,,0,
270165,1962,6,17.5,,0,,0,,10.8,,1.3,,0.7,,0,,0,,0,,19.5,,0,,0,,18.2,,0,,0,,21.3,,0,,0,,32.4,,0,,5,,0,,0,,0,,0,,0,,0,,40,,8,,0,,-999.9,M
270165,1962,7,0,,1.2,,0.2,,15.8,,0,,0.4,,0,,5.6,,0,,0,,1.2,,0,,14.8,,0,,3,,0,,1,,0,,0,,0,,0,,5.8,,0,,0,,0,,31,,5.8,,10.9,,4.8,,0,,0,
270165,1962,8,7.7,,53.7,,24.3,,11.2,,0,,60,,0,,9.4,,0,,0.5,,2.7,,17.1,,2.5,,1.1,,0,,50,,0,,55.5,,4.5,,0,,14.5,,0,,0,,14.1,,2,,12.3,,18.5,,0,,80,,0,,0.1,
270165,1962,9,59.2,,1.2,,0,,25,,3.1,,2,,1.1,,1.1,,7.3,,3,,16.5,,0,,23.6,,0,,0.4,,0,,2,,2.8,,2.7,,34.7,,9.8,,3,,0,,0,,3.6,,1.9,,0,,14.8,,7,,0,,-999.9,M
270165,1962,10,0,,0,,5,,3.7,,30,,4.7,,0,,0,,2.3,,4.8,,0,,0,,5,,0,,0,,0,,0,,0,,0,,0,,0,,0,,0,,0,,0,,0,,6,,0,,0,,0,,0,
270165,1962,11,0,,0,,13.5,,0,,9.8,,9,,0,,0,,0.5,,0,,0,,0,,0,,0,,0,,0,,0,,18.4,,0,,0,,0,,0,,0,,0,,0,,0,,0,,0,,0,,0,,-999.9,M
270165,1962,12,0,,0,,0,,0,,0,,0,,0,,0,,0,,0,,0,,0,,0,,0,,0,,0,,0,,0,,0,,0,,0,,0,,0,,0,,0,,0,,0,,0,,0,,0,,0,
270165,1963,1,0,,0,,0,,0,,0,,0,,0,,0,,0,,0,,0,,0,,0,,0,,0,,0,,0,,0,,0,,0,,0,,0,,0,,0,,0,,0,,0,,0,,0,,0,,0,
270165,1963,2,0,,0,,0,,0,,0,,0,,0,,0,,0,,0,,0,,0,,0,,0,,5.4,,0.2,,0,,0,,0,,0,,0,,0,,0,,0,,0,,3.2,,0,,0,,-999.9,M,-999.9,M,-999.9,M
270165,1963,3,0,,0,,0,,0,,0,,0,,0,,0,,0,,0,,0,,0,,0,,0,,0,,0,,0,,0,,0,,0,,0,,0,,0.5,,15.4,,0,,0,,0,,0,,0,,0,,0,
270165,1963,4,0,,1.8,,0,,0,,0,,3.7,,0,,0,,0,,0,,0,,0,,0,,0,,12.2,,0,,2.6,,0,,0,,0,,0,,0,,0,,0,,0.2,,0,,0,,64.4,,19.2,,0.1,,-999.9,M
270165,1963,5,4.4,,24.1,,0,,0,,4.5,,0.5,,0,,0,,0,,0,,0,,0,,0,,0,,0,,0,,0,,0,,0,,0,,0,,0,,1.7,,0,,0,,0,,1.8,,0,,0,,0,,1,
270165,1963,6,0,,0,,0,,0,,0,,0,,6.7,,6.2,,28.2,,0,,0,,11.5,,0,,0,,0,,0,,0.2,,0,,0,,0,,0,,3.2,,43.2,,14.1,,0,,0,,2,,32.3,,0,,13.5,,-999.9,M
270165,1963,7,0,,0,,0,,0,,0,,0.5,,0,,0,,0,,5.8,,10.3,,0,,0,,1.7,,1.2,,1.7,,0,,0,,33.9,,0,,0,,15,,7.5,,0,,2.5,,0,,15.4,,12.8,,0,,2.9,,0,
270165,1963,8,23.9,,0,,11.5,,0,,2.2,,3.3,,1.7,,11.7,,2.7,,0.4,,0,,166.1,,0,,20.9,,27.6,,0,,0,,0,,16,,3.3,,9,,13,,27.5,,0,,32,,26.3,,0,,39,,0,,35.4,,0,
270165,1963,9,0,,29.8,,0,,2,,0,,31.5,,0,,1.8,,0,,0.6,,10.4,,0,,0,,0,,0,,0,,18.4,,5.8,,19,,41.6,,29.5,,0,,0,,0,,6.2,,0.2,,0,,0,,0,,0,,-999.9,M
270165,1963,10,10,,0,,0,,6,,0,,4.2,,34.1,,0,,9.3,,15.2,,2.1,,2.5,,25,,0,,0,,0,,0,,0,,0,,0,,0,,0,,1.7,,9.2,,6,,0,,0,,0,,0,,0,,0,
270165,1963,11,12.8,,0,,0,,0,,0,,0,,0,,0,,0,,0,,0,,0,,0,,0,,0,,0,,0,,0,,0,,0,,0,,0,,0,,0,,0,,0,,0,,0,,0,,0,,-999.9,M
270165,1963,12,0,,0,,0,,0,,0,,0,,0,,0,,0,,0,,0,,0,,0,,0,,0,,0,,0,,0,,0,,0,,0,,0,,0,,0,,0,,0,,0,,0,,0,,0,,0,
270165,1964,1,0,,0,,0,,0,,0,,0,,0,,0,,0,,0,,0,,0,,0,,0,,0,,0,,0,,0,,0,,0,,0,,0,,0,,0,,0,,0,,0,,0,,0,,0,,0,
270165,1964,2,0,,0,,0,,0,,0,,0,,0,,0,,0,,0,,0,,0,,0,,0,,0,,0,,0,,0,,0,,0,,0,,0,,0,,0,,0,,0,,0,,0,,0,,-999.9,M,-999.9,M
270165,1964,3,0,,0,,0,,0,,0,,0,,0,,0,,0,,0,,0,,0,,0,,0,,0,,0,,0,,0,,0,,0,,0,,0,,0,,0,,0,,0,,0,,0,,0,,0,,0,
270165,1964,4,0,,0,,0,,0,,0,,0,,0,,0,,0,,0,,0,,0,,0,,0,,0,,0,,0,,0,,0,,1.7,,0,,0,,0,,4.9,,0.6,,8.9,,12.4,,0.2,,0,,0,,-999.9,M
270165,1964,5,0,,0,,0,,0,,0.6,,0,,15.1,,0.2,,0,,0,,0,,4.1,,0,,0,,0,,0,,8.1,,1.4,,0,,0,,0,,0,,0,,0,,0,,0,,0,,0,,0,,0,,0,
270165,1964,6,0,,0,,17,,0,,0,,0,,0,,1,,0,,0,,24.5,,0,,0,,0,,3.7,,0,,17.3,,0,,16.4,,0,,18,,0,,14,,1.2,,0,,14.2,,11.2,,0,,12,,13.3,,-999.9,M
270165,1964,7,21.4,,0,,0,,0,,3.2,,0.2,,0,,0,,3,,35,,52.9,,0,,11.2,,0,,23.2,,0,,4.5,,0,,0,,0,,3.5,,44.2,,0.7,,4,,2.8,,4,,0,,30,,0,,7.2,,40.7,
270165,1964,8,21.7,,15.1,,0,,1.5,,0,,0,,1,,0,,2.5,,0,,9.2,,19.5,,7,,13.8,,0.4,,0,,0,,0,,41.4,,0,,1.2,,46.2,,0.6,,0.9,,0.8,,31.1,,0,,47.4,,3.7,,21,,66.8,
270165,1964,9,2.4,,4.5,,29.7,,2.3,,8.5,,0,,26.3,,9.2,,0,,9.1,,49.2,,0,,0,,12.6,,0.7,,0,,18.6,,6.7,,2.6,,8.8,,0,,0,,0,,0,,0,,31.6,,21.8,,28.5,,0,,0,,-999.9,M
270165,1964,10,0,,0,,0,,0,,0,,0,,0,,0,,0,,2.8,,0,,0,,0,,0,,0,,0,,6.9,,0,,0,,0,,0,,0,,0,,0,,8.9,,0,,1.1,,10,,0,,0,,0,
270165,1964,11,7.4,,0,,22.5,,0,,0,,0,,0,,0,,0,,0,,0,,0,,0,,0,,0,,0,,0,,0,,0,,0,,0,,0,,0,,0,,0,,0,,0,,0,,0,,0,,-999.9,M
270165,1964,12,0,,0,,0,,0,,0,,0,,0,,0,,0,,0,,0,,32.8,,7.7,,0.2,,0,,0,,0,,0,,0,,0,,0,,0,,0,,0,,0,,0,,0,,0,,0,,0,,0,
270165,1965,1,0,,0,,0,,0,,0,,0,,1.9,,9.4,,0,,0,,0,,0,,0,,0,,0,,0,,0,,0,,0,,0,,0,,0,,0,,0,,0,,0,,0,,0,,0,,0,,0,
270165,1965,2,0,,0,,0,,0,,0,,0,,0,,0,,0,,0,,0,,0,,0,,0,,0,,0,,0,,0,,0,,0,,0,,0,,0,,0,,0,,0,,0,,0,,-999.9,M,-999.9,M,-999.9,M
270165,1965,3,0,,0,,0,,0,,0,,0,,0,,0,,0,,0,,0,,0,,0,,0,,0,,0,,0,,0,,0,,0,,0,,0,,0,,0,,0,,0,,0,,0,,0,,0,,0,
270165,1965,4,0,,0,,5.1,,0,,0,,0,,4.4,,0,,0,,0,,0,,0,,0,,0,,0,,0,,0,,0,,0,,0,,0,,0,,0,,0,,0,,0,,0,,0,,0,,0,,-999.9,M
270165,1965,5,0,,0,,5.6,,0,,0,,8.7,,0,,0,,3.7,,0,,0,,0,,0,,27.5,,0,,0,,7.6,,0,,4.7,,0,,0,,0,,0,,19.5,,11.2,,0,,5.6,,12.3,,0,,0,,0,
270165,1965,6,0,,11,,0,,0,,0,,0,,12.8,,0,,16.7,,0,,8.8,,0,,16.8,,0,,0,,6.2,,14.4,,0,,5.8,,6.5,,17.1,,0,,0,,31.7,,0,,12.2,,0,,1.2,,5,,0.4,,-999.9,M
270165,1965,7,8,,0,,17.6,,6.5,,21.2,,0.2,,0,,6.5,,1.3,,6.7,,0,,0,,0,,12.1,,9.6,,0,,3.8,,0,,2,,6.4,,0.2,,0,,0.3,,1.5,,0,,4.4,,0,,0,,33.8,,45.8,,12.5,
270165,1965,8,0.4,,6.5,,0,,0,,7.9,,3.1,,0,,58.6,,2.1,,20.2,,0.2,,12.4,,26,,15.6,,0.7,,0,,0,,0,,0,,8.5,,0,,6,,0,,0,,0,,0,,0,,18.6,,26.8,,0,,0,
270165,1965,9,15.4,,22.5,,15.3,,2.4,,0,,4,,0,,0,,28.8,,0.2,,0,,14.6,,0.2,,0.8,,19.7,,25.3,,0.4,,8.9,,0.2,,0,,0.6,,3.5,,0.8,,12,,0,,0,,0,,8.2,,0,,4.5,,-999.9,M
270165,1965,10,0,,18.3,,0,,2.8,,0,,0,,24.7,,0,,0,,1.1,,0,,5.5,,0,,0,,0,,0,,0,,26.5,,0,,2.3,,0,,0,,0,,0,,0,,0,,2,,0,,0,,0,,0,
270165,1965,11,0,,0,,0,,0,,0,,0,,0,,0,,0,,0,,0,,0,,0,,0,,0,,0,,0,,0,,0,,0,,0,,0,,0,,0,,0,,0,,0,,0,,0,,0,,-999.9,M
270165,1965,12,0,,0,,0,,0,,0,,0,,0,,0,,0,,0,,0,,0,,0,,0,,0,,0,,0,,0,,0,,0,,0,,0,,0,,0,,0,,0,,0,,0,,0,,0,,0,
270165,1966,1,0,,0,,0,,0,,0,,0,,0,,0,,0,,0,,0,,0,,0,,0,,0,,0,,0,,0,,0,,0,,0,,0,,0,,0,,0,,0,,0,,0,,0,,0,,0,
270165,1966,2,0,,0,,0,,0,,0,,0,,0,,0,,0,,0,,0,,0,,0,,0,,0,,0,,0,,0,,0,,0,,0,,0,,0,,0,,0,,0,,0,,0,,-999.9,M,-999.9,M,-999.9,M
270165,1966,3,0,,0,,0,,0,,0,,0,,0,,0,,0,,0,,0,,0,,9.8,,0,,0,,0,,0,,0,,0.5,,0,,4.6,,0.7,,0.6,,0,,0,,0,,0,,0,,0,,0,,0,
270165,1966,4,0.8,,14.7,,1,,0,,0,,0,,0,,0,,0,,0,,0,,0,,0,,0,,0,,0,,0,,0,,0,,2.5,,0,,0,,0,,0,,0,,0.8,,3.8,,0,,0,,2.2,,-999.9,M
270165,1966,5,0,,0,,38.1,,0,,0,,2.8,,0,,0,,0,,0,,10.6,,0,,0,,0,,0,,0,,0,,12.1,,16.8,,0,,0,,0,,0,,0,,0,,9.5,,0,,4.7,,11.8,,0,,0,
270165,1966,6,0,,33.2,,0,,0,,24.2,,0,,17,,0,,6.8,,27.2,,0,,0,,19,,0,,0,,17.8,,3.7,,0,,0,,0,,0,,5.9,,0,,0,,0,,0,,5.1,,0,,9.5,,0.7,,-999.9,M
270165,1966,7,0,,0,,27.2,,0,,0,,11.2,,0,,0,,2.4,,1.7,,4.5,,21.2,,0.8,,0,,0,,13.6,,0,,6.8,,39,,0,,0,,43.2,,0,,19.5,,19.8,,2.3,,0,,0,,0.8,,32.8,,0,
270165,1966,8,0,,46,,0,,26.1,,2.8,,0.3,,0,,3.7,,32.1,,6.8,,1.1,,0,,0,,0,,17.7,,5.8,,0,,26,,5.9,,21.9,,0,,34.9,,7.8,,0,,0,,4.8,,30.9,,11.4,,0,,20.7,,4.2,
270165,1966,9,7.2,,1.9,,0,,0,,8.8,,21.1,,10.4,,17.5,,1.1,,3.8,,0,,7,,0,,0.8,,25.6,,36.5,,3,,3,,14.6,,20.9,,0,,17.1,,48.7,,1.8,,3.1,,0,,9.4,,0,,1.5,,12.3,,-999.9,M
270165,1966,10,0,,13.2,,0,,0,,0,,1.8,,15.7,,0.7,,0,,0,,0,,1.8,,7,,3.2,,0,,0,,0,,9.3,,10.9,,0,,0,,0,,0,,0,,0,,0.6,,0,,8.7,,0,,0,,0,
270165,1966,11,0,,2.8,,0,,0,,0,,0,,0,,0,,0,,0,,0,,0,,0,,0,,0,,0,,0,,0,,0,,0,,0,,0,,0,,0,,0,,0,,0,,0,,0,,0,,-999.9,M
270165,1966,12,0,,0,,0,,0,,0,,0,,0,,0,,0,,0,,0,,0,,0,,0,,0,,0,,0,,0,,0,,0,,0,,0,,0,,0,,0,,0,,0,,0,,0,,0,,0,
270165,1967,1,0,,0,,0,,0,,0,,0,,0,,0,,0,,0,,0,,0,,0,,0,,0,,0,,0,,0,,0,,0,,0,,0,,0,,0,,0,,0,,0,,0,,0,,0,,0,
270165,1967,2,0,,0,,17.8,,0,,0,,0,,0,,0,,0,,0,,0,,0,,0,,0,,0,,0,,0,,0,,0,,0,,0,,0,,0,,0,,0,,0.2,,0,,5.7,,-999.9,M,-999.9,M,-999.9,M
270165,1967,3,1.9,,0,,0,,0,,0,,0,,0,,0,,0,,0,,0,,0,,0,,0,,0,,0,,0,,0,,0,,0,,0,,0,,0,,0,,0,,0,,0,,1.5,,0,,0,,0,
270165,1967,4,0,,0.8,,0,,0,,0,,0,,0,,0,,0,,0,,0,,6.7,,3,,0,,0,,0,,0,,0,,0,,15.5,,0.1,,0,,0,,0,,0,,0,,0,,0,,0,,0,,-999.9,M
270165,1967,5,7.7,,3,,0,,19.8,,0,,0,,0,,17.5,,0,,0,,6.7,,0,,0,,0,,0,,15.1,,0,,0,,0,,0,,0,,0,,4.3,,5.3,,17,,0,,27.1,,0,,0,,0,,0,
270165,1967,6,52.6,,4,,0,,0,,0,,0,,0.8,,0,,0,,2.5,,0,,0,,3.7,,0.7,,0,,7.2,,0.1,,11.3,,0,,2.8,,0,,17,,3,,0,,0,,4,,0,,10.4,,0,,2.6,,-999.9,M
270165,1967,7,0,,0,,0.8,,4.2,,5.6,,0,,14.5,,0,,0,,7.4,,40.7,,0,,0,,14.2,,22,,3.3,,12.4,,0,,2.8,,0,,0,,0,,11,,2.4,,7.1,,9.3,,4.6,,4.8,,14.8,,35,,0,
270165,1967,8,4.5,,28.8,,0,,0.8,,4.3,,0,,0,,40.7,,13.3,,73.1,,24.5,,0,,2.3,,0.9,,0.4,,19.3,,18.9,,2.3,,0,,2.2,,23,,1.5,,34.8,,1,,11.6,,16.3,,24.6,,8.1,,6.2,,68.3,,1.6,
270165,1967,9,0,,4,,0,,11.2,,15.5,,5.4,,1.8,,3.7,,16,,2.9,,0,,6.7,,5.7,,1.8,,14.6,,0,,0,,0,,20.8,,0,,0.6,,0,,0,,7,,0,,2.3,,14,,19.8,,10,,18.4,,-999.9,M
270165,1967,10,0,,0,,73.5,,5.6,,0,,4.6,,15.3,,6,,0,,0,,9.9,,0,,0,,0,,0,,0,,0,,0,,4.9,,0,,9.9,,0,,0,,0,,0,,0,,0,,0,,0,,1.7,,0,
270165,1967,11,0,,0,,0,,0,,0,,0,,2.8,,7.8,,2.9,,2.7,,0,,0,,0,,0,,0,,0,,0,,0,,0,,0,,0,,0,,0,,0,,0,,0,,0,,0,,0,,0,,-999.9,M
270165,1967,12,0,,0,,0,,0,,0,,0,,0,,0,,0,,0,,0,,0,,0,,0,,0,,0,,0,,0,,0,,0,,0,,0,,0,,0,,0,,0,,0,,0,,0,,0,,0,
270165,1968,1,0,,0,,0,,0,,0,,0,,0,,0,,0,,0,,0,,0,,0,,0,,0,,0,,0,,0,,0,,0,,0,,0,,0,,0,,0,,0,,0,,0,,0,,0,,0,
270165,1968,2,0,,0,,0,,6.7,,0,,0,,0,,0,,0,,0,,0,,0,,0,,0,,0,,0,,0,,0,,0,,0,,0,,0,,0,,0.2,,0,,0,,0,,0,,0,,-999.9,M,-999.9,M
270165,1968,3,0,,0,,0,,0,,0,,0,,0,,11.9,,0,,17.7,,0,,0,,0,,0,,0,,0,,0,,0,,0,,0,,0,,0,,0,,0,,19.3,,1.9,,0,,0,,0,,0,,16.7,
270165,1968,4,0.6,,0,,0,,0,,0,,7.6,,0,,11.6,,0,,0,,36.9,,2.2,,21.3,,3.2,,0,,0,,0,,0,,0,,0,,0,,0,,0,,3.6,,0,,13.4,,0,,16.1,,1.4,,0,,-999.9,M
270165,1968,5,0,,6.3,,1.5,,0,,0,,0,,0,,0,,0,,0,,2.6,,0,,0,,0,,11.3,,0,,0,,0,,0,,40.1,,109.2,,0,,0,,0,,9.6,,0,,0,,0,,0.8,,0,,0,
270165,1968,6,0.2,,0.8,,0,,0,,0,,0,,0,,0,,0,,0,,22.5,,0,,3.1,,16.4,,33.9,,12.2,,13,,0,,3.6,,0,,2.2,,0,,1.6,,0,,39.2,,4.4,,1.5,,0,,11.6,,27,,-999.9,M
270165,1968,7,0,,29.4,,0,,0,,24.2,,0,,0,,0,,8.4,,0,,3.8,,17.4,,4.3,,25,,4.3,,45.3,,20.7,,0,,25,,8.7,,16.3,,0,,12.1,,0,,3.2,,13.7,,0,,0.9,,30.3,,0,,4.7,
270165,1968,8,0,,0,,0,,12.4,,0.9,,6.6,,0,,4.1,,0,,1,,30.2,,3.2,,18,,0,,0,,15.4,,29.1,,55,,0.3,,6.6,,18.5,,0,,2.4,,17.7,,2.9,,39.6,,1.4,,0,,13.9,,42.9,,15.6,
270165,1968,9,0,,15,,1.4,,14.7,,0,,0,,34.5,,3.2,,0,,7.7,,9.9,,17.7,,0,,0.7,,29.3,,0,,1.8,,1.3,,0,,16.5,,0.8,,8.7,,0,,36.6,,0.2,,2.9,,1.1,,1.4,,0,,0,,-999.9,M
270165,1968,10,0,,0,,0.8,,0,,17.9,,0,,8.1,,0.7,,0,,0,,0,,10.3,,1.9,,0,,0,,0,,0,,0,,0,,0,,0,,0,,0,,1,,0,,0,,1.6,,0,,0,,0,,0,
270165,1968,11,0,,3.9,,0.7,,1.3,,5.1,,0,,0,,0,,0,,0,,0,,4.6,,0,,0,,0,,0,,0,,0,,0,,0,,0,,0,,0,,0,,0,,0,,0,,0,,0,,0,,-999.9,M
270165,1968,12,0,,0,,0,,0,,7.8,,2.4,,0,,0,,0.1,,0,,0,,0,,0,,0,,0,,0,,0,,0,,0,,0,,0,,0,,0,,0,,0,,0,,0,,0,,0,,0,,0,
270165,1969,1,0,,0,,0,,0,,0,,0,,0,,0,,0,,0,,0,,0,,0,,0,,0,,0,,0,,0,,0,,0,,0,,0,,0,,0,,0,,0,,0,,0,,0,,0,,0,
270165,1969,2,0,,0,,0,,0,,0,,0,,0,,0,,0,,0,,0,,0,,0,,0,,0,,0,,0,,0,,0,,0,,0,,0,,0,,0,,0,,0,,0,,0,,-999.9,M,-999.9,M,-999.9,M
270165,1969,3,0,,0,,0,,0.2,,0,,0,,0,,0,,0,,0,,0,,0,,0,,0,,0,,0,,0,,0,,0,,0,,0,,0,,1.6,,0,,0.1,,0.3,,0,,0,,0,,50.4,,0,
270165,1969,4,0,,3.6,,0,,0,,0,,0,,0,,0,,0,,0,,0,,0,,0,,0,,0,,0,,0,,0,,0,,0,,0.6,,17.3,,0,,0,,0,,0,,0,,0,,0,,0,,-999.9,M
270165,1969,5,0,,0,,0,,0,,0,,0.2,,0,,0,,0,,0,,0,,0,,0,,0,,0,,3.5,,40.7,,0,,0,,0,,3.8,,0.8,,32,,0,,0,,0,,0,,0,,0,,0,,0.6,
270165,1969,6,21.7,,0,,3.8,,39,,0,,0,,0,,0,,14.8,,1,,0,,0,,0,,10.9,,0,,0,,0,,0,,0,,24.7,,0.6,,0,,3,,0,,5,,0,,15.2,,0.6,,0,,25.4,,-999.9,M
270165,1969,7,10.8,,0,,0,,6.2,,38,,0,,0,,19.5,,0.7,,10.9,,16.3,,0,,38.3,,18.5,,0,,18.9,,10,,0,,1.3,,37.2,,0,,0,,34,,1.2,,40.7,,0.3,,11.6,,0,,2,,2.7,,0,
270165,1969,8,6.9,,16.2,,2.7,,0,,13.8,,0,,19,,11.3,,11.8,,34.4,,3.7,,31,,1,,2,,0.7,,0,,10.1,,9.7,,0,,9.7,,12.6,,0,,0.3,,3,,14.2,,0,,1.2,,0.8,,30.1,,13.7,,17.7,
270165,1969,9,0.5,,8.3,,34,,0.8,,0,,27.1,,13.5,,0.8,,6.7,,13.5,,11.1,,13.3,,0,,0,,0,,0.7,,0,,3.6,,1.2,,1.3,,0,,0,,7.1,,0,,0,,0,,2.4,,0,,9.4,,12.4,,-999.9,M
270165,1969,10,0,,0,,0,,24,,1.6,,3.2,,0,,3,,0,,0,,0,,0,,25.4,,0,,19,,0,,1,,21.3,,0,,1.5,,13.5,,0.7,,1.3,,4,,3.2,,0,,0,,0,,0,,0,,0,
270165,1969,11,0,,0,,18.8,,4.3,,0,,0,,0,,0,,0,,0,,0,,0,,0,,0,,0,,0,,0,,0,,0,,0,,0,,0,,0,,0,,0,,0,,0,,0,,0,,0,,-999.9,M
270165,1969,12,0,,0,,0,,0,,0,,0,,0,,0,,0,,0,,0,,0,,0,,0,,0,,0,,0,,0,,0,,0,,0,,0,,0,,0,,0,,0,,0,,0,,0,,0,,0,
270165,1970,1,0,,0,,0,,0,,0,,0,,0,,0,,0,,0,,0,,0,,0,,0,,0,,0,,0,,0,,0,,0,,0,,0,,0,,0,,0,,0,,0,,0,,0,,0,,0,
270165,1970,2,0,,0,,0,,0,,0,,0,,0,,0,,0,,0,,0,,0,,0,,0,,0,,0,,0,,0,,0,,0,,0,,0,,0,,0,,0,,0,,0,,0,,-999.9,M,-999.9,M,-999.9,M
270165,1970,3,0,,0,,0,,0,,0,,0,,0,,0,,0,,0,,0,,19.3,,10.7,,0,,0,,0,,0,,0,,0,,0,,0,,0,,0,,0,,0,,0,,0,,0,,0,,0,,0,
270165,1970,4,0,,0,,0,,32.2,,0,,0,,0,,0,,0,,7.9,,0,,0,,0,,0,,0,,0,,1.4,,1.5,,0,,0,,0,,0,,0,,0,,0,,0,,0,,0,,0,,0,,-999.9,M
270165,1970,5,15.3,,0,,0,,0,,0,,0,,23.4,,0,,19.8,,0,,0,,0,,0,,0,,0,,0.4,,0,,0,,24.7,,0,,19.7,,9.4,,2,,5.5,,0,,3.1,,5.1,,0.4,,0,,10.3,,0,
270165,1970,6,0,,0,,0,,0,,0,,18.6,,0.1,,60.4,,0.3,,0,,21.8,,0,,0,,26.4,,0,,0,,7.3,,0,,3.1,,0,,0,,1.3,,0,,34.3,,2.8,,0,,9.4,,10.4,,0,,42.9,,-999.9,M
270165,1970,7,0,,16.7,,2.3,,2.2,,3.6,,0,,1.1,,0.4,,27.5,,5.2,,44.2,,1.4,,0,,0,,5.5,,0,,9.7,,0,,9.8,,7.2,,8.8,,2,,0,,37.5,,0,,19,,0.7,,3.7,,21.2,,14.5,,31.3,
270165,1970,8,0.1,,102.8,,5.5,,1.8,,1.1,,39.6,,0,,0,,0,,12.8,,0.9,,0,,27.7,,12.7,,10.9,,0,,0,,1.2,,12.6,,11,,0,,0,,2.1,,30.5,,5.2,,12.2,,13.9,,0,,15.9,,12.7,,14.7,
270165,1970,9,5.5,,19.7,,11,,0.1,,0,,23.6,,0,,0,,0.9,,0,,7.7,,3,,0,,16,,9.4,,0,,13.7,,11.1,,47.8,,61.8,,0.5,,0.6,,14.9,,0,,0,,0,,0,,0,,0,,0,,-999.9,M
270165,1970,10,0,,0,,6.4,,6.3,,0,,0,,0,,0,,0,,0,,0,,0,,0,,0.2,,0,,0,,2.5,,0,,0,,0,,0,,0,,0,,0,,0,,9.8,,0,,0,,0,,0,,0,
270165,1970,11,0,,0,,0,,0,,0,,0,,0,,0,,0,,0,,0,,0,,0,,0,,0,,0.2,,0,,0,,0,,0,,0,,0,,0,,0,,0,,0,,0,,0,,0,,0,,-999.9,M
270165,1970,12,0,,0,,0,,0,,0,,0,,0,,0,,0,,0,,0,,0,,0,,0,,0,,0,,0,,0,,0,,0,,0,,0,,0,,0,,0,,0,,0,,0,,0,,0,,0,
270165,1971,1,0,,0,,0,,0,,0,,0,,0,,0,,0,,0,,0,,0,,0,,0,,0,,0,,0,,0,,0,,0,,0,,0,,0,,0,,0,,0,,0,,0,,0,,0,,0,
270165,1971,2,0,,0,,0,,0,,0,,0,,0,,0,,0,,0,,8.2,,0,,0,,0,,0,,0,,0,,0,,0,,0,,0,,0,,0,,0,,0,,0,,0,,0,,-999.9,M,-999.9,M,-999.9,M
270165,1971,3,0,,0,,0,,0,,0,,0,,0,,0,,0,,0,,0,,0,,0,,0,,0,,0,,0,,0,,0,,0.5,,0,,0,,0,,0,,0,,0.4,,0,,0,,0,,5.5,,0,
270165,1971,4,0.6,,0,,0,,0,,0,,0,,0,,0,,16.4,,0,,0,,0,,0,,0,,0,,0,,0,,7.3,,0,,0,,0,,0,,1.1,,0,,0,,0,,0,,5.1,,0.2,,0,,-999.9,M
270165,1971,5,0,,0,,0,,0,,0,,0,,0,,0,,0,,0,,2.4,,0,,0,,0,,1.1,,3.8,,0,,3.5,,0,,18.7,,0,,3.8,,0,,0,,0,,3,,0.7,,0,,0,,0,,0,
270165,1971,6,0,,0,,68.7,,0,,0,,0.5,,0.2,,0,,0,,0,,0,,0,,2.9,,0,,0.8,,0,,0,,13,,0,,1,,16.7,,10,,4.7,,0.9,,1.9,,0,,0,,0,,3.9,,0.4,,-999.9,M
270165,1971,7,7.5,,0,,0,,0,,9.8,,0.8,,0,,0,,4,,19.3,,2.1,,0,,0,,1.4,,0,,7.6,,0,,10.7,,0,,0,,29.4,,9.3,,0,,17,,10.1,,1.7,,21.8,,0,,34.9,,0,,0.6,
270165,1971,8,3,,7.1,,6.9,,16.7,,0,,0,,3.7,,9.3,,18.2,,2,,2.7,,0,,32.3,,0.2,,0.7,,0.8,,28.5,,110.8,,4,,6.1,,4.3,,2.7,,12.6,,12.3,,11.3,,33.6,,0,,0,,1.6,,0.5,,1.2,
270165,1971,9,0,,11.9,,33,,1.7,,0,,0,,7.4,,1.6,,10.7,,0,,11.7,,0,,1.3,,0,,3.6,,0,,0,,0,,0,,0,,9.5,,0.1,,6.9,,0,,0,,0,,0,,0,,1.3,,0,,-999.9,M
270165,1971,10,0,,0,,0,,0,,3.3,,0,,0,,0,,0,,1,,0,,3.8,,0,,0,,1.8,,2.1,,0,,0,,0,,0,,9.9,,0,,0,,5.8,,0,,0,,0,,0,,0,,0,,0,
270165,1971,11,0,,0,,0,,0,,0,,0,,0,,0,,0,,0,,0,,0,,0,,0,,0,,0,,0,,0,,13.5,,0,,0,,0,,0,,0,,13.2,,0,,3.6,,0,,0,,0,,-999.9,M
270165,1971,12,0,,0,,0,,0,,0,,0,,0,,0,,0,,0,,0,,0.6,,0.1,,0,,0,,0,,0,,0,,0,,0,,0,,0,,0,,0,,0,,0,,0,,0,,0,,0,,0,
270165,1972,1,0,,0,,0,,0,,0,,0,,0,,0,,0,,0,,0,,0,,0,,0,,0,,0,,0,,0,,0,,0,,0,,0,,0,,0,,0,,0,,0,,0,,0,,0,,0,
270165,1972,2,0,,0,,0,,0,,0,,0,,0,,0,,0,,0,,0,,0,,0,,0,,0,,0,,0,,0,,0,,0,,0,,0,,0,,0,,0,,0,,0,,0,,0,,-999.9,M,-999.9,M
270165,1972,3,0,,0,,0,,0,,0,,0,,0,,0,,0,,0,,0,,0,,0,,0,,0,,0,,0,,0,,0,,0,,0,,0,,0,,0,,0,,0,,0.1,,0,,0,,3,,0.7,
270165,1972,4,0,,0,,0,,0,,14,,0,,0,,0,,0,,69.8,,0,,0,,0,,0,,0,,0,,0,,0,,0,,0.8,,0,,0,,0,,0,,0,,0,,7.7,,0,,0,,0,,-999.9,M
270165,1972,5,4.2,,7.3,,0,,4.3,,0,,0,,9.3,,2.7,,0,,0,,0,,0,,0,,0,,0,,6.8,,0,,6,,2.6,,0,,0,,11.3,,0,,0,,0,,22.2,,0,,0.4,,5.1,,19.7,,29.8,
270165,1972,6,0,,0,,22,,2,,13.9,,0,,0,,0,,0,,0,,12.6,,0.5,,0,,0,,0,,0,,0,,0,,0,,24.3,,0,,5.8,,0,,0,,0,,0,,12,,22,,0,,22.4,,-999.9,M
270165,1972,7,0,,15.7,,0,,0,,0,,0,,0.5,,0.1,,1.3,,0,,2.6,,0,,0.4,,17.4,,1.2,,3.2,,0.4,,19.9,,0,,0,,10.4,,0,,13.3,,0,,7.5,,0,,41.6,,11.1,,0.7,,0,,47.2,
270165,1972,8,25,,0,,0,,0,,0.4,,7.5,,0,,2.2,,10,,0,,18.7,,0,,0,,2.4,,0,,12.9,,0,,0.4,,0,,25.1,,0,,20.2,,2.4,,5.4,,0,,5.2,,0,,7.2,,0,,2.7,,2.5,
270165,1972,9,26.5,,0,,0,,0,,40.2,,1,,0.1,,0,,0.2,,18.2,,34.4,,27.3,,3.5,,0,,0,,10.4,,18.1,,0,,27.2,,0,,0,,11.8,,0,,0,,1.7,,0,,12.9,,0,,0,,0,,-999.9,M
270165,1972,10,6.6,,4.2,,1.1,,0,,0,,0,,0,,0,,4,,0,,0,,0,,0,,8.6,,0.1,,0,,0,,10.9,,32.1,,0,,0,,0,,0,,0,,0,,5.7,,0,,0,,0,,0,,0,
270165,1972,11,0,,0,,0,,0,,0,,0,,0,,0,,0,,0,,0,,0,,0,,0,,0,,0,,0,,0,,0,,0,,0,,0,,0,,0,,0,,0,,0,,0,,0,,0,,-999.9,M
270165,1972,12,0,,0,,0,,0,,0,,0,,0,,0,,0,,0,,0,,0,,0,,0,,0,,0,,0,,0,,0,,0,,0,,0,,0,,0,,0,,0,,0,,0,,0,,0,,0,
270165,1973,1,0,,0,,0,,0,,0,,0,,0,,0,,0,,0,,0,,0,,0,,0,,0,,0,,0,,0,,0,,0,,0,,0,,0,,0,,0,,0,,0,,0,,0,,0,,0,
270165,1973,2,0,,0,,0,,0,,0,,0,,0,,0,,0,,0,,0,,0,,0,,0,,0,,0,,0,,0,,0,,0,,0,,0,,0,,0,,0,,0,,0,,0,,-999.9,M,-999.9,M,-999.9,M
270165,1973,3,0,,0,,0,,0,,0,,0,,0,,0,,0,,0,,0,,0,,0,,0,,0,,0,,0,,0,,0,,0,,1.8,,0,,0,,0,,0,,0,,0,,0,,0,,0,,0.2,
270165,1973,4,7.5,,0,,0,,0,,0,,0,,0,,0,,0,,0,,0,,0,,0,,0,,8,,0,,27.7,,19.6,,0,,0,,0,,0,,0.6,,0,,0,,0,,0,,0,,0,,0,,-999.9,M
270165,1973,5,0,,0,,0,,0,,0,,0,,0,,2,,0,,11.4,,0,,0,,0,,0,,0,,0,,0.3,,27.3,,0,,0,,24.5,,2.4,,0,,0,,4.8,,0,,0,,0,,0,,0,,16.8,
270165,1973,6,0,,0,,0,,0,,0,,4.1,,0,,0,,0,,0,,7.5,,0,,1.2,,0,,0,,8.7,,0,,0,,0,,0,,2.3,,0.2,,0,,2.7,,0.2,,0,,1.6,,0,,0.5,,0,,-999.9,M
270165,1973,7,15.3,,5.1,,0,,0,,3.4,,0,,0,,0,,5.2,,0.1,,0.1,,0,,0.1,,0,,1.5,,0,,0,,0,,2.4,,32.9,,0,,8,,17.5,,51,,22.8,,0,,32.2,,0.9,,0,,0,,3.8,
270165,1973,8,25.1,,0.3,,0,,28.1,,0,,37.3,,6.8,,0,,9,,1.5,,5.4,,15.1,,13.4,,0.4,,21.4,,0,,34.1,,40.1,,0.5,,7.7,,0.6,,22.4,,8.5,,13.5,,0.6,,5.1,,27.4,,0,,0,,0,,0,
270165,1973,9,0.9,,0,,0,,0,,0,,0,,0.5,,0,,0,,5.7,,0.2,,0,,1.5,,0,,11.9,,0,,0,,5.8,,0,,0,,0,,0,,7.8,,26,,0,,0,,0,,9,,0,,0,,-999.9,M
270165,1973,10,0,,0,,2.9,,0,,0,,0,,0,,0,,0,,0,,0,,0,,0,,0,,0,,0,,0,,0,,0.8,,0,,0,,0,,0,,0,,0,,0,,0.4,,0.5,,0,,0,,0,
270165,1973,11,0,,4.7,,0,,0,,0,,0,,0,,0,,0,,0,,0,,0,,0,,0,,0,,0,,0,,0,,0,,0,,0,,0,,0,,0,,0,,0,,0,,0,,0,,0,,-999.9,M
270165,1973,12,0,,0,,0,,0,,0,,0,,0,,0,,0,,0,,0,,0,,0,,0,,0,,0,,0,,0,,0,,0,,0,,0,,0,,6.7,,0,,0,,0,,0,,0,,0,,0,
270165,1974,1,0,,0,,0,,0,,0,,0,,0,,0,,0,,0,,0,,0,,0,,0,,0,,0,,0,,0,,0,,0,,0,,0,,0,,0,,0,,0,,0,,0,,0,,0,,0,
270165,1974,2,0,,0,,0,,0,,0,,0,,0,,0,,0,,0,,0,,0,,0,,0,,0,,0,,0,,0,,0,,0,,0,,0,,0,,0,,0,,0,,0,,0,,-999.9,M,-999.9,M,-999.9,M
270165,1974,3,0,,0,,0.5,,0.1,,0,,0,,0,,0,,0.2,,14.3,,0,,0,,14.8,,0.1,,0,,0.1,,0,,0,,0,,0,,0,,0,,0,,0,,0,,0,,0,,0,,0,,0,,0,
270165,1974,4,0,,0,,0,,0,,0,,0,,0,,0,,0,,0,,0,,0,,0,,0,,0,,0,,0,,0,,0,,4.7,,0,,2.6,,0,,0,,0,,14.9,,1.4,,2.9,,0,,0,,-999.9,M
270165,1974,5,0,,0,,0,,0,,0,,0,,0,,0,,0,,0,,0,,0,,0,,0,,0,,26,,2.8,,0.5,,0,,0,,0,,0.6,,0,,0,,0,,0,,0,,0,,0,,2.9,,0,
270165,1974,6,3.9,,0,,0,,12.9,,0,,18.1,,1.7,,0,,0,,0,,5.5,,3.6,,8.6,,0,,11.4,,0.8,,22.3,,0,,0,,0,,0,,19.2,,0,,0,,0,,5.5,,17.8,,0,,24.3,,0,,-999.9,M
270165,1974,7,0,,1.1,,0,,30.2,,14.1,,0,,5.4,,21.7,,0,,0,,0,,41.2,,0.2,,0,,14,,0,,14.8,,6.8,,1.7,,18.5,,0,,0,,19.3,,0,,0,,0,,74.7,,18.3,,10.1,,3.4,,2.5,
270165,1974,8,4.8,,6.3,,0.1,,4.2,,0,,0,,0,,0,,0,,3.7,,0,,1.3,,3.7,,0,,6.1,,74.5,,24.5,,1.6,,6.4,,1.7,,7.4,,4.4,,4.5,,95,,8.6,,0.2,,0,,29.6,,0.2,,11.5,,1.7,
270165,1974,9,0,,3.2,,0.2,,0.2,,0,,28.9,,4.1,,0,,7.3,,0,,0,,0.2,,0,,13.8,,0.6,,0,,10.4,,58.2,,3.4,,0,,0,,10.8,,0,,0,,0,,0,,4.6,,0.3,,8.3,,0,,-999.9,M
270165,1974,10,15.3,,13.5,,0,,0,,0,,9.5,,0,,0,,1.1,,16.5,,3,,0,,0,,0,,0,,1.4,,0,,0,,0,,0,,0,,0,,0,,0,,0,,0,,0,,0,,0,,0,,0,
270165,1974,11,0,,0,,0,,0,,12.3,,0,,0,,0,,0,,0,,0,,0,,0,,0,,0,,0,,0,,0,,0,,0,,0,,0,,0,,0,,0,,0,,0,,0,,0,,0,,-999.9,M
270165,1974,12,0,,0,,0,,0,,0,,0,,0,,0,,0,,0,,0,,0,,0,,0,,0,,0,,0,,0,,0,,0,,0,,0,,0,,0,,0,,0,,0,,0,,0,,0,,0,
270165,1975,1,0,,0,,0,,0,,0,,0,,0,,0,,0,,0,,0,,0,,0,,0,,0,,0,,0,,0,,0,,0,,0,,0,,0,,0,,0,,0,,0,,0,,0,,0,,0,
270165,1975,2,0,,0,,0,,0,,0,,0,,0,,0,,0,,0,,0,,0,,0,,0,,0,,0,,0,,0,,0,,0,,0,,0,,0,,0,,0,,0,,0,,0,,-999.9,M,-999.9,M,-999.9,M
270165,1975,3,0,,0,,0,,0,,0,,0,,0,,0,,0,,0,,0,,0,,0,,0,,0,,0,,0,,0,,0,,3.7,,0,,1.8,,0,,0.4,,2.1,,0,,0,,0,,0,,0,,0,
270165,1975,4,0,,0,,0,,0,,0,,0,,0,,0,,0,,6.4,,0.7,,0,,0,,0,,0,,0,,0,,0,,0,,0,,0,,0,,0,,0,,0,,0,,0,,0,,15.5,,24.7,,-999.9,M
270165,1975,5,0.8,,0,,0,,0,,0,,17.9,,19.2,,0,,3,,0,,11.5,,0.2,,0,,0,,4.6,,0,,31.8,,0,,0,,0,,2.5,,0,,0,,0,,0,,0,,3.9,,10.8,,0,,0,,0,
270165,1975,6,0,,0,,0,,25,,0,,1.5,,13.5,,0.4,,26.2,,0,,0.5,,0.3,,0,,0,,18.8,,6.9,,42.3,,0,,0,,11.1,,0,,0,,12.1,,0,,0,,0,,9.7,,0,,0,,0,,-999.9,M
270165,1975,7,0,,9.7,,13.2,,20.7,,0,,0,,18,,4.9,,0,,11.8,,0,,8.7,,18.7,,0,,0,,6.8,,0,,0,,1,,0.3,,0,,10.5,,8.4,,33.3,,6.4,,0,,15.3,,3.5,,3.8,,20.4,,32.9,
270165,1975,8,0,,0,,0,,7.1,,2.6,,5.5,,12.1,,4.5,,0.4,,0,,0,,0,,36.5,,0,,36.9,,0,,19.8,,3.2,,0,,2.9,,0.9,,0.3,,0,,21.8,,0.4,,3.1,,0,,0,,10.2,,9.2,,18.4,
270165,1975,9,16.2,,0,,20.1,,39.5,,2.1,,27.6,,1.1,,62.4,,2.6,,1.7,,10.8,,0,,0.7,,0,,0.2,,41.9,,18.2,,3.8,,0,,0,,6.5,,22.5,,28,,2.1,,0,,22.5,,3.7,,0,,6.3,,0,,-999.9,M
270165,1975,10,0,,15,,0,,2.4,,11.6,,1.4,,0,,0,,0.4,,0,,0,,0,,13.2,,1.5,,8.5,,0,,9.2,,0.6,,19.7,,0,,1.2,,0,,0,,0,,0,,0,,0,,0,,0,,0,,0,
270165,1975,11,0,,0,,0,,0,,0,,0,,0,,0,,0,,0,,0,,0,,0,,0,,0,,0,,0,,0,,19.9,,11.1,,0,,0,,0,,0,,0,,0,,0,,0,,0,,0,,-999.9,M
270165,1975,12,0,,0,,0,,0,,0,,0,,0,,0,,0,,0,,0,,0,,0,,0,,0,,0,,0,,0,,0,,0,,0,,0,,0,,0,,0,,0,,0,,0,,0,,0,,0,
270165,1976,1,0,,0,,0,,2.1,,0,,0,,0,,0,,0,,0,,0,,0,,0,,0,,0,,0,,0,,0,,0,,0,,0,,0,,0,,0,,0,,0,,0,,0,,0,,0,,0,
270165,1976,2,0,,0,,0,,0,,0,,0,,0,,0,,0,,0,,0,,0,,0,,0,,0,,0,,0,,0,,0,,0,,0,,0,,0,,0,,0,,0,,0,,0,,0,,-999.9,M,-999.9,M
270165,1976,3,0,,0,,0,,0,,0,,0,,0,,0,,0,,0,,0,,0,,0,,0,,0,,0,,0,,0.1,,0.4,,0,,0,,0,,0,,0,,0,,0,,0,,0,,0,,0,,0,
270165,1976,4,0,,0,,0,,0,,0,,0,,0,,0,,1.5,,9.7,,20,,0,,0,,0,,0,,0,,14.4,,0,,0,,0,,0,,0,,0,,0,,0,,0,,0.6,,0,,0,,0,,-999.9,M
270165,1976,5,0,,0,,0,,8.6,,0,,4.6,,13.2,,0,,0,,0,,0,,24.3,,0.8,,5.2,,3.7,,0,,0,,0,,8.1,,0,,2.2,,0,,0,,0,,0.3,,7.5,,0,,1.9,,0,,12.3,,11,
270165,1976,6,2.5,,0,,26.8,,0,,0.2,,0,,0,,0,,0,,0,,0,,15.6,,0.1,,11,,0,,5.2,,1.2,,0.8,,1.2,,2,,0,,0,,0,,0,,0,,0,,10.1,,0,,0,,18.8,,-999.9,M
270165,1976,7,2,,11.5,,0,,19.6,,0,,0,,24.2,,0,,0,,0,,0,,0.8,,42.6,,0.3,,13.5,,0,,34,,16.7,,0,,26.5,,0.8,,25.6,,0,,40.5,,66.5,,10.7,,6.8,,1.7,,0,,0,,23.9,
270165,1976,8,0,,0.4,,0,,16.7,,0,,18.8,,9,,17,,6.7,,58.7,,0,,50,,0,,5.9,,1.9,,53.2,,3.8,,18,,2.8,,30.8,,0.5,,11.2,,39.7,,0,,9.7,,0,,0,,0,,22.4,,0,,0,
270165,1976,9,0.2,,0.7,,0,,0,,0,,0,,25,,9,,8.1,,21.5,,0,,2.6,,27.2,,35.1,,0,,12.5,,3.4,,0,,0,,10.5,,0.1,,0,,0.9,,15.2,,22.5,,0,,22,,0,,1,,0,,-999.9,M
270165,1976,10,0,,3.2,,12.8,,15,,0,,17.7,,0,,0,,2.4,,0.2,,0,,0,,0,,74,,0,,0,,0,,1.3,,0,,0.8,,11,,2,,36.1,,37.1,,1.7,,1.5,,12.5,,17.6,,32.9,,32.8,,2.8,
270165,1976,11,0,,0,,0,,0,,0,,0,,0,,0,,0,,0,,0,,0,,0,,0,,0,,2.1,,0,,6.4,,0,,0,,0,,0,,0,,0,,0,,0,,0,,0,,0,,0,,-999.9,M
270165,1976,12,0,,0,,0,,0,,0,,0,,0,,0,,0,,0,,0,,0,,0,,0,,0,,0,,0,,0,,0,,0,,0,,0,,0,,0,,0,,0,,0,,0,,0,,0,,0,
270165,1977,1,0,,0,,0,,0,,0.4,,16.2,,2.7,,0,,0,,0,,0,,0,,0,,0,,0,,0,,0,,0,,0,,0,,0,,0,,0,,0,,0,,0,,0,,0,,0,,0,,0,
270165,1977,2,0,,0,,0,,0,,0,,0,,0,,0,,0,,0,,0,,0,,0,,0,,0,,0,,0,,0,,0,,0,,0,,0,,0,,0,,0,,0,,0,,0,,-999.9,M,-999.9,M,-999.9,M
270165,1977,3,0,,0,,0,,0,,0,,0,,0,,0,,0,,0,,0,,0,,0,,0,,0,,0,,0,,0,,0,,0,,0,,0,,0,,0,,0,,0,,0,,0,,0,,0,,0,
270165,1977,4,0,,0,,0,,0,,0,,0,,0,,0,,0,,0,,7.4,,0,,0,,0,,0,,0,,5.2,,2,,0.2,,0,,0,,0,,0,,0,,0,,0,,4,,0,,0,,0,,-999.9,M
270165,1977,5,7.5,,0,,1.7,,3.9,,0,,0,,0,,0,,0,,1.8,,0,,0,,0,,0,,0,,0,,0,,0,,47,,0,,12.2,,0,,0,,0,,18.9,,0.2,,0,,0,,4.8,,0,,13.6,
270165,1977,6,0,,0,,0,,0,,0,,0,,43,,0,,14.5,,0,,0,,24.4,,0,,3,,0,,0,,0,,0,,1.6,,0,,0,,8,,0,,0,,51.1,,0,,0,,0,,11.8,,0,,-999.9,M
270165,1977,7,43.2,,0,,1.7,,0,,0,,0,,32.4,,4.3,,0,,0,,0,,20.2,,18.8,,0,,0,,0,,0,,0,,5,,16,,2.3,,0.3,,54.6,,0,,2.3,,7.9,,0,,0,,0,,46.4,,0,
270165,1977,8,0,,0,,0,,0,,0,,0,,29.8,,45.1,,0,,2.8,,0,,2.6,,2.7,,0,,4.5,,0,,18,,17,,15.2,,0,,2.1,,0.8,,9.4,,0,,0,,116.8,,11,,1.5,,1.1,,4.7,,0.9,
270165,1977,9,12,,16,,0.1,,20.2,,22,,0,,18.2,,0.8,,0.7,,2.4,,3.6,,9.2,,5.6,,17.6,,10,,5.3,,7,,0,,0.7,,0,,35.4,,0,,6.9,,3,,1.9,,0,,33.5,,0,,9.2,,0.5,,-999.9,M
270165,1977,10,20,,0,,0,,0,,12.8,,0,,1.5,,0,,0,,0,,0,,0,,0,,0,,18.6,,22,,0,,7.5,,0,,0,,0,,36.2,,0,,0,,0,,0,,0,,0,,0,,0,,0,
270165,1977,11,0,,0,,0,,0,,0,,0,,0,,0,,0,,0,,0,,0,,0,,0,,0,,0,,0.6,,0,,0,,0,,0,,0,,0,,0,,0,,0,,0,,0,,0,,0,,-999.9,M
270165,1977,12,0,,0,,0,,0,,0,,0,,0,,0,,0,,0,,0,,0,,0,,0,,0,,0,,0,,0,,0,,0,,0,,0,,0,,0,,0,,0,,0,,0,,0,,0,,0,
270165,1978,1,0,,0,,0,,0,,0,,0,,0,,0,,0,,0,,0,,0,,0,,0,,0,,0,,0,,0,,0,,0,,0,,0,,0,,0,,0,,0,,0,,0,,0,,0,,0,
270165,1978,2,0,,0,,0,,0,,0,,0,,0,,0,,0,,0,,0,,0,,0,,0,,0,,0,,0,,0,,0,,0,,0,,0,,0,,0,,0,,0,,0,,0,,-999.9,M,-999.9,M,-999.9,M
270165,1978,3,0,,0,,0,,0,,0,,0,,17.5,,0,,0,,0,,0,,0,,0,,0,,23.5,,0,,0,,0,,0,,0,,0,,0,,0,,0,,0,,0,,0,,0,,0,,0,,5,
270165,1978,4,0,,0,,36.4,,0,,0,,9.4,,0,,0,,0.2,,0,,0,,0,,0,,0,,0,,40.4,,0,,0,,0,,0,,0,,0,,0,,0,,0,,18.6,,4.4,,2.9,,12.3,,0,,-999.9,M
270165,1978,5,1.8,,0,,0,,16.9,,0.2,,0,,0,,0,,67.6,,0,,0,,0,,32.9,,0,,0,,7,,0,,0,,0.8,,0,,6.1,,20.4,,0,,0,,0,,0.5,,0,,0,,0,,6.7,,0,
270165,1978,6,0,,1.2,,0,,19.1,,0,,0,,0,,0,,3.5,,16.5,,0,,3.2,,0,,18.7,,0,,5.9,,10.5,,0.5,,27,,2.9,,2.2,,0.2,,9.7,,12.3,,0,,7.8,,0,,0,,0,,5.8,,-999.9,M
270165,1978,7,0,,0,,2.5,,0,,0,,0,,21,,0,,0,,16.2,,2,,12.1,,0,,7.3,,20.2,,2.7,,0,,20,,0,,0,,0,,46.2,,14.6,,0,,0.4,,10,,0.8,,10.4,,0.5,,0.4,,10.9,
270165,1978,8,0,,0.3,,3.5,,3.5,,8.1,,21.5,,11.3,,6.2,,0,,0.6,,7.9,,3.9,,13,,0,,0.4,,0,,10.7,,19,,0,,30.8,,0,,20,,0.6,,0,,8.4,,36.3,,20,,14,,0.8,,13.7,,31,
270165,1978,9,14.8,,15.8,,0,,0,,0,,0,,17.5,,3,,2.9,,0,,28.2,,0.1,,11.7,,0,,0.7,,3.9,,3.4,,0,,0,,7.2,,0.2,,0,,21.6,,11.4,,0,,19,,0,,0,,0,,0,,-999.9,M
270165,1978,10,7.6,,0,,0,,0,,0,,0,,0,,11.1,,0,,0,,0,,0,,0,,0,,0,,0,,74.8,,0,,16.3,,12.9,,5.8,,5,,0,,0,,0,,0,,0,,0,,6.9,,15,,0,
270165,1978,11,0,,0.6,,0,,0,,0,,0,,0,,0,,0,,0,,0,,0,,0,,0,,0,,0,,0,,0,,0,,0,,0,,0,,0,,0,,0,,0,,0,,0,,0,,0,,-999.9,M
270165,1978,12,0,,0,,0,,0,,0,,0,,0,,0,,0,,0,,0,,0,,0,,0,,0,,0,,0,,0,,0,,0,,0,,0,,0,,0,,0,,0,,0,,0,,0,,0,,0,
270165,1979,1,0,,0,,0,,0,,0,,0,,0,,0,,0,,0,,0,,0,,0,,0,,0,,0,,0,,0,,0,,0,,0,,0,,0,,0,,0,,0,,0,,0,,0,,0,,0,
270165,1979,2,0,,0,,0,,0,,0,,0,,0,,0,,0,,0,,0,,0,,0,,0,,0,,0,,0,,0,,0,,0,,0,,0,,0,,0,,0,,0,,0,,0,,-999.9,M,-999.9,M,-999.9,M
270165,1979,3,0,,0,,0,,0,,0,,0,,0,,0,,0,,0,,0.9,,0,,0,,0,,0,,3.8,,0.3,,0,,0,,0,,0,,0,,0,,0,,1.1,,0,,0,,0,,0.5,,0,,0,
270165,1979,4,0,,0,,0,,0,,0,,0,,0,,0,,0,,0.5,,0,,0,,0,,0,,0,,3.4,,0,,0,,0,,0,,0,,0,,0,,0,,0.5,,1.2,,0,,0,,0,,0,,-999.9,M
270165,1979,5,0,,0,,14.7,,0,,0,,7.2,,0,,13.5,,0.9,,6.4,,0,,0,,0,,0,,0.2,,0,,0,,0,,0,,0,,1.3,,8.6,,17,,3.7,,0,,17.2,,10.8,,0,,3.6,,1.8,,12.4,
270165,1979,6,0,,12.4,,2.4,,0,,19,,0,,0,,0,,0,,24.2,,0,,31.3,,0,,0,,0,,12.3,,0,,16,,0,,16.4,,1.5,,2.3,,0,,1.1,,6.3,,0,,14.2,,18.7,,0.8,,1.9,,-999.9,M
270165,1979,7,0,,0,,37.2,,8.8,,0,,5.3,,0,,0,,5.2,,15.9,,0,,0,,0,,4.2,,0,,0,,11.2,,1.5,,20.4,,16,,12.3,,8.3,,26,,6.5,,14.7,,15,,0,,26.7,,0,,0,,15.1,
270165,1979,8,0,,0.4,,1.1,,6.8,,4.2,,6.5,,0.7,,16.1,,0.7,,0,,0.3,,32,,17,,0,,0,,20,,0,,34.1,,6.5,,0,,78.3,,20.2,,2.8,,0.3,,4.3,,33.5,,0,,0.3,,9.6,,0,,0,
270165,1979,9,22.3,,0,,0,,31.6,,10.1,,21.1,,1.5,,7.1,,0,,10.3,,19,,0,,47,,10,,0,,0,,0,,1.7,,0,,0.3,,0,,16.2,,1,,14.9,,3.3,,0,,0,,6.4,,2.2,,9,,-999.9,M
270165,1979,10,8.1,,38.9,,10.1,,0,,0,,0,,0,,0,,0,,0,,27.8,,0.5,,0.8,,2.5,,0,,0,,0,,1.5,,0,,0,,0,,0.3,,0,,11.9,,2.7,,0,,2.6,,0,,0,,0.7,,0,
270165,1979,11,0,,0,,0,,45.7,,1.1,,0,,0,,0,,0,,0,,0,,0,,0,,0,,0,,0,,0,,0,,0,,0,,0,,0,,0,,0,,0,,0,,0,,0,,0,,0,,-999.9,M
270165,1979,12,0,,0,,0,,0,,0,,0,,0,,0,,0,,0,,0,,0,,0,,0,,0,,0,,0,,0,,0,,0,,0,,0,,0,,0,,0,,0,,0,,0,,0,,0,,0,
270165,1980,1,0,,0,,0,,0,,0,,0,,0,,0,,0,,0,,0,,0,,0,,0,,0,,0,,0,,0,,0,,0,,0,,0,,0,,0,,0,,0,,0,,0,,0,,0,,0,
270165,1980,2,0,,0,,0,,0,,0,,0,,0,,0,,0,,0,,0,,0,,0,,0,,0,,0,,0,,0,,0,,0,,0,,0,,0,,0,,0,,0,,0,,0,,3,,-999.9,M,-999.9,M
270165,1980,3,0.2,,0,,0,,0,,0,,0,,0,,0,,0,,0,,0,,0,,0,,0,,0,,0,,0,,0,,0,,0,,0,,0,,0,,0,,0,,0,,0,,0,,0,,0,,0,
270165,1980,4,0,,0,,0,,0,,0,,0,,0,,0,,0,,0,,0,,0,,0,,0,,0,,0,,5.5,,0,,0,,0,,4.5,,0,,0,,0,,0,,0.6,,0,,0,,0,,0,,-999.9,M
270165,1980,5,0,,0,,0,,0,,0,,0,,0.4,,0,,0,,0,,0,,0,,0,,2.5,,0,,6.9,,0,,0,,16.3,,3,,0,,63.1,,0,,0,,45.4,,0.4,,10.2,,2.1,,0,,0,,0,
270165,1980,6,0,,25.1,,0,,80.3,,0,,0,,1.9,,0,,17.9,,0,,0,,0,,4.1,,0,,0,,20.7,,3.5,,0.5,,0,,0,,0,,0,,0,,3.2,,5.3,,0,,0,,0,,0,,0,,-999.9,M
270165,1980,7,0,,0,,10.4,,0,,1.8,,2.8,,0,,1.3,,0,,28.4,,0,,0,,0,,5.8,,1.5,,0,,17.4,,0,,0,,23,,5.9,,0,,0,,31.4,,0.7,,7.9,,0,,21.7,,0,,30.6,,0,
270165,1980,8,47.8,,1.5,,39,,3.8,,7.2,,77.7,,12.8,,44.7,,11,,0.3,,9.6,,0,,0,,1.4,,0,,22.6,,9.1,,0,,0,,0,,21.2,,11.4,,0,,0,,5.5,,0,,0,,5.4,,17,,20.7,,0,
270165,1980,9,27.5,,1.7,,9,,0,,42.5,,5,,22.4,,10.4,,10.6,,4.8,,0,,11.2,,0,,0,,10.2,,0,,0,,0,,0,,0,,29.2,,0,,0,,2.3,,0,,0,,18.5,,0,,0,,0,,-999.9,M
270165,1980,10,0,,0,,0,,0,,16,,7.8,,0,,0,,0,,0,,0,,0,,0,,0,,0.9,,4,,3.3,,0,,0,,0,,0,,0,,11.3,,0,,0,,0,,0,,0,,0,,0,,0,
270165,1980,11,0,,0,,0,,0,,0,,0,,0.1,,0,,0,,0,,0,,0,,0,,0,,0,,3.3,,0,,0,,0,,0,,0,,2.9,,0,,0,,0,,0,,0,,0,,0,,0,,-999.9,M
270165,1980,12,0,,0,,0,,0,,0,,0,,0,,0,,0,,0,,0,,0,,0,,0,,0,,0,,0,,0,,0,,0,,0,,0,,0,,0,,0,,0,,0,,0,,0,,0,,0,
270165,1981,1,0,,0,,0,,0,,0,,0,,0,,0,,0,,0,,0,,0,,0,,0,,0,,0,,0,,0,,0,,0,,0,,0,,0,,0,,0,,0,,0,,0,,0,,0,,0,
270165,1981,2,0,,0,,0,,0,,0,,0,,0,,0,,0,,0,,0,,0,,6.2,,0,,0,,0,,0,,0,,0,,0,,0,,0,,0,,0,,0,,0,,0,,0,,-999.9,M,-999.9,M,-999.9,M
270165,1981,3,0,,0,,0,,0,,0,,0.9,,0,,0,,0,,0,,0,,0,,0,,0,,0,,0,,0,,0,,0,,0,,0,,0,,0,,0,,0,,0,,0,,3.5,,0,,0,,0,
270165,1981,4,0,,0,,0,,0,,0,,1.5,,0,,0,,0,,0,,0,,0,,0,,0,,0,,0,,33.4,,2.3,,0,,0,,0,,0,,0,,15,,0,,0,,0,,3.2,,0,,0,,-999.9,M
270165,1981,5,0,,0,,2,,0,,0,,0,,9.1,,0,,43.4,,0,,0,,0,,1.2,,0,,0,T,6.2,,0,,5.2,,10.6,,0,,0,,0,,0,,0,,1.8,,0,,18.7,,0,,0,,10.5,,0,
270165,1981,6,0,,0,,1.8,,0,,0,,0,,13.4,,0,,0,,20.6,,0,,0.3,,0,,0,,0,,0,,55.8,,0,,2.1,,2,,0,,0,,23.9,,0,,0,,0,,0,,0,,26.7,,4.6,,-999.9,M
270165,1981,7,0,,35.8,,0,,0,,30.3,,1.8,,5.8,,0,,0,,62.4,,0,,0,,26.2,,0,,0.6,,0,,40,,0,,0,,19.1,,0,,0,,0,,21.7,,28.7,,0,,0,,2.5,,0,,44.3,,0.4,
270165,1981,8,30.7,,8.5,,11.1,,0,,3.7,,16.7,,0,,0,,46.8,,31.4,,0,,0,,9.3,,0,,0,,0,,3.7,,0.4,,30.9,,0.3,,0,,24.9,,0,,22.1,,1.8,,0,,74.4,,0,,5.9,,31.9,,2.9,
270165,1981,9,11,,0,,1.2,,8.4,,3.4,,0,,17.2,,0,,8.5,,0,,0,,0,,5.7,,31.7,,0,,0,,11.3,,2.8,,0,,0,,15.1,,0,,6.1,,0,,0,,0,,13.9,,0,,6.9,,0,,-999.9,M
270165,1981,10,0,,0,,0,,0,,0,,3.1,,0,,0,,0,,9.6,,0,,0,,6,,24,,0,,0,,0,,0,,0,,0,,1.1,,0.6,,0,,0,,0,,0,,30.2,,0,,0,,0,,0,
270165,1981,11,0,,0,,0,,0,,0,,0,,0,,0,,0,,0,,0,,0,,0,,0,,0,,0,,0,,0,,0,,0,,0,,0,,0,,0,,0,,0,,0,,0,,0,,0,,-999.9,M
270165,1981,12,0,,0,,0,,0,,0,,0,,0,,0,,0,,0,,0,,0,,0,,0,,0,,0,,0,,0,,0,,0,,0,,0,,0,,0,,0,,0,,0,,0,,0,,0,,0,
270165,1982,1,0,,0,,0,,0,,0,,0,,0,,0,,0,,0,,0,,0,,0,,0,,0,,0,,0,,0,,0,,0,,0,,0,,0,,0,,0,,0,,0,,0,,0,,0,,0,
270165,1982,2,0,,0,,0,,0,,0,,0,,0,,0,,0,,0,,0,,0,,0,,0,,0,,0,,0,,0.2,,0,,0,,0,,0,,0,,0,,0,,0,,0,,0,,-999.9,M,-999.9,M,-999.9,M
270165,1982,3,0,,0,,0,,0,,0,,0,,0,,0,,0,,13.3,,0,,0,,3,,0,,0,,0,,0,,0,,30.4,,0,,0.8,,0.4,,0,,0,,0,,0,,0,,0,,0,,0,,0,
270165,1982,4,0.5,,0,,0,,0,,0,,0.2,,0,,0,,0,,0,,0,,0,,6.4,,0,,6.5,,0,,5.5,,0,,0,,23.8,,6.1,,3.3,,0,,2.2,,0,,0,,0,,0,,0,,0,,-999.9,M
270165,1982,5,0,,0,,34.9,,0,,0,,0,,0,,0,,0,,0,,3.9,,0,,0,,0,,0.3,,3.9,,2.6,,0,,0,,0,,0,,0,,0,,21.2,,0,,5.3,,3.6,,0,,15.6,,0.5,,0,
270165,1982,6,0,,0,,7,,39.6,,7.1,,2.9,,0,,0,,20.2,,0,,0,,7.6,,0,,0,,0,,0,,6.1,,0,,0,,12.7,,0,,6.3,,0,,1.8,,0,,0,,0,,8.4,,0,,0,,-999.9,M
270165,1982,7,0,,5,,0,,0,,0,,23.3,,0,,0,,0,,29.1,,15.3,,16,,0,,12.5,,0,,0,,41,,0,,17.3,,0,,5.3,,0.2,,0,,21.9,,0,,0,,32,,0,,1,,43.9,,0,
270165,1982,8,0,,0,,47,,1,,16.9,,1,,0,,17.5,,0,,8.2,,2.5,,0,,43.4,,0,,0,,9.8,,0,,20.1,,0,,0,,0.3,,5.5,,0,,13.2,,0,,8.2,,19,,0.8,,0,,0,,0,
270165,1982,9,40.1,,27.3,,13.7,,9.9,,12.5,,0,,16.7,,0,,0.6,,11.7,,24.9,,0.5,,0,,5.2,,0,,0,,0,,5.3,,0,,3,,0,,0,,6.4,,0,,5.3,,6.8,,0,,0,,2.7,,0,,-999.9,M
270165,1982,10,0,,2.3,,0,,0,,0,,0,,0,,1.7,,25.8,,0,,0,,23.6,,0,,0,,0,,1.5,,0,,0,,0,,1.3,,0,,0,,0,,0,,0,,0,,0,,0.3,,0,,0,,0,
270165,1982,11,0,,4.1,,0,,0,,0,,0,,0,,0,,0,,0,,0,,0,,0,,0,,0,,0,,0,,0,,0,,0,,0,,0,,0,,0,,0,,0,,0,,0,,0,,0,,-999.9,M
270165,1982,12,0,,0,,0,,0,,0,,0,,0,,0,,0,,0,,0,,0,,0,,0,,0,,0,,0,,0,,0,,0,,0,,0,,0,,0,,0,,0,,0,,0,,0,,0,,0,
270165,1983,1,0,,0,,0,,0,,0,,0,,0,,0,,0,,0,,0,,0,,0,,0,,0,,0,,0,,0,,0,,0,,0,,0,,0,,0,,0,,0,,0,,0,,0,,0,,0,
270165,1983,2,0,,0,,0,,0,,0,,0,,0,,5.4,,0,,0,,0,,0,,0,,0,,0,,0,,0,,0,,0,,0,,0,,0,,0,,0,,0,,0,,0,,0,,-999.9,M,-999.9,M,-999.9,M
270165,1983,3,0,,0,,0,,0,,0,,0,,0,,0,,0,,0,,0,,0,,0,,0,,0,,0,,0,,0,,0,,0,,0,,0,,0,,0,,0,,0,,0,,0,,0,,0,,0,
270165,1983,4,0,,0,,0,,0,,0,,0,,0,,0,,0,,0,,0,,0,,0,,7.8,,0,,0,,0,,19.6,,0,,0,,0,,0,,0,,0,,0,,0,,0,,0,,0,,0,,-999.9,M
270165,1983,5,0.5,,0,,0,,0,,0,,0,,0,,0,,4.1,,0,,1.3,,0.9,,0,,23.1,,0,,0,,0,,0,,0,,8.7,,0,,0,,0,,0,,0,,0,,0,,14.5,,0,,8,,0,
270165,1983,6,15.1,,0,,1.2,,0,,0,,15.9,,0,,0.6,,0,,0,,9.2,,0,,0,,0,,12,,0,,0,,0,,25.8,,0,,1.2,,5.9,,0,,0,,5,,0,,0,,0,,11.9,,0,,-999.9,M
270165,1983,7,0,,0,,13.4,,0,,3.4,,0,,4.6,,14.7,,0,,2.3,,16,,6.4,,0,,2.2,,0,,0,,26.5,,0,,0,,0,,11.5,,0,,0,,2.6,,0,,0,,9.5,,0,,1.2,,41.4,,0,
270165,1983,8,0,,1.5,,0,,0,,0,,0,,21.2,,0.6,,4,,0,,22,,4,,0,,7.8,,0,,0,,0,,0,,3.5,,26.1,,0,,9.9,,0,,0,,0,,0,,0,,3.6,,32,,0,,11.1,
270165,1983,9,6.5,,0,,0,,0,,27.1,,0,,17.6,,1.8,,21.7,,0,,1.2,,0,,9.7,,0,,6.1,,44.2,,24.1,,0,,0,,0,,0,,10.4,,0,,0,,14.3,,0,,0,,10.1,,1.4,,0,,-999.9,M
270165,1983,10,0,,0,,11.2,,0,,2.3,,0,,0,,0,,0,,0,,0,,0,,0,,0,,0,,0,,0,,0,,0,,0,,0,,0,,22.7,,15.2,,0,,0,,0,,0,,0,,0,,0,
270165,1983,11,0,,0,,0,,0,,6.4,,0,,0,,0,,0,,0,,0,,0,,0,,0,,0,,0,,0,,0,,0,,0,,0,,0,,0,,0,,0,,0,,0,,0,,0,,0,,-999.9,M
270165,1983,12,0,,0,,0,,0,,0,,0,,0,,0,,0,,0,,0,,0,,0,,0,,0,,0,,0,,0,,0,,0,,0,,0,,0,,0,,0,,0,,0,,0,,0,,0,,0,
270165,1984,1,0,,0,,0,,0,,0,,0,,0,,0,,0,,0,,0,,0,,0,,0,,0,,0,,0,,0,,0,,0,,0,,0,,0,,0,,0,,0,,0,,0,,0,,0,,0,
270165,1984,2,0,,0,,0,,0,,0,,0,,0,,0,,0,,0,,0,,0,,0,,0,,0,,0,,0,,0,,0,,0,,0,,0,,0,,0,,0,,0,,0,,0,,0,,-999.9,M,-999.9,M
270165,1984,3,0,,0,,0,,0,,0,,0,,0,,0,,0,,8.4,,0.4,,0,,0,,0,,0,,0,,0,,0,,0,,0,,0,,0,,0,,0,,0,,0,,0,,0,,0,,0,,0,
270165,1984,4,0,,0,,0,,0,,0,,0,,0,,0,,0,,8.8,,0.7,,0,,0,,0,,2.3,,0,,0,,5.2,,0,,0,,0,,0,,0,,2.4,,0,,0,,0,,2.2,,0,,0,,-999.9,M
270165,1984,5,3.6,,0,,0,,0,,4.5,,0,,0,,30.9,,10.7,,0,,1,,0,,0,,0,,0,,6.7,,0,,0,,14.4,,0,,0,,1.2,,0,,2.4,,0,,0,,3.8,,20.1,,0,,0,,22.9,
270165,1984,6,0,,0,,0,,0,,0,,5.5,,14.2,,0,,0,,0,,3.8,,0,,21.1,,0,,0,,4.2,,0,,10.2,,18.4,,0.5,,3,,0,,29.8,,0,,4.8,,2.3,,4.8,,0,,0,,0,,-999.9,M
270165,1984,7,0,,0,,1.8,,3.4,,10.9,,13,,10.3,,0,,1,,0,,0,,0,,0,,23.4,,0,,4.9,,0,,0,,0,,0,,17.5,,0,,0,,41,,6.4,,0.8,,17.5,,0,,18.5,,0.6,,0.3,
270165,1984,8,29.9,,0,,0,,0,,0.3,,1.6,,21.9,,0,,19.6,,0,,20.5,,1.6,,0,,0,,3.1,,0,,0,,0,,9,,0,,0,,1,,12.5,,40.8,,0,,60.1,,1.2,,0,,0,,4,,16.3,
270165,1984,9,4.3,,0,,0.4,,0,,3,,0,,12.8,,0,,1.8,,0,,3.2,,48.7,,18.4,,27.1,,0,,0,,18.3,,1.7,,0,,0,,1.9,,6.4,,0,,0,,0,,0,,16.9,,0,,0.8,,2.7,,-999.9,M
270165,1984,10,6.8,,2.3,,17.6,,3.1,,1,,2.3,,0.9,,0,,3.1,,0,,0,,0,,0,,4.7,,0,,0,,0,,0,,0,,17.4,,0,,0,,0,,0,,0,,0,,0,,0,,0,,0,,0,
270165,1984,11,0,,0,,0,,0,,0,,0,,0,,0,,0,,0,,0,,0,,0,,0,,0,,0,,0,,0,,0,,0,,0,,0,,0,,0,,0,,0,,0,,0,,0,,0,,-999.9,M
270165,1984,12,0,,0,,0,,0,,0,,0,,0,,0,,0,,0,,0,,0,,0,,0,,0,,0,,0,,0,,0,,0,,0,,0,,0,,0,,0,,0,,0,,0,,0,,0,,0,
270165,1985,1,0,,0,,0,,0,,0,,0,,0,,0,,0,,0,,0,,0,,0,,0,,0,,0,,0,,0,,0,,0,,0,,0,,0,,0,,0,,0,,0,,0,,0,,0,,0,
270165,1985,2,0,,0,,0,,0,,0,,0,,0,,0,,0,,0,,0,,0,,0,,0,,0,,0,,0,,0,,0,,0,,0,,0,,0,,0,,0,,0,,0,,0,,-999.9,M,-999.9,M,-999.9,M
270165,1985,3,0,,0,,0,,0,,0,,0,,0,,0,,0,,0,,0,,0,,0,,0,,0,,11.4,,4.6,,3.1,,0,,0,,0,,0,,0,,0,,0,,0,,5.7,,0,,0,,0,,0,
270165,1985,4,0,,0,,0,,0,,0,,1.6,,0,,0,,0,,0,,0,,10.2,,0,,0,,0,,0,,0,,0,,0,,0,,0,,0,,0,,2.8,,0,,0,,4.2,,0.5,,0,,3.5,,-999.9,M
270165,1985,5,0,,0,,0,,3.4,,0,,0,,0,,0,,0,,0,,0,,0,,0.8,,0,,0,,0,,0,,7.6,,0,,0,,0,,9,,0,,0,,0,,0,,0,,2.8,,0,,2.8,,0,
270165,1985,6,1.6,,0,,0,,0,,35.6,,3.9,,26.8,,0,,0,,0,,8.7,,0,,5.1,,0,,11.8,,0,,0,,0,,0,,23.7,,0,,0,,0,,0,,18.4,,0,,0.2,,20.9,,0,,0,,-999.9,M
270165,1985,7,45.3,,0,,48.6,,8.2,,0,,15,,0.2,,18.1,,0,,0,,24.1,,0,,0,,24.1,,0,,0,,0,,0,,58,,35.7,,8.9,,0,,17.8,,20.2,,0,,13.8,,0,,0,,10.7,,0,,0.5,
270165,1985,8,31.5,,72.8,,4.4,,0,,0,,0,,38.8,,0,,14.7,,0.2,,0,,31.3,,0,,0,,0,,4.3,,11,,0,,0,,0,,0.6,,0,,0,,0,,30.7,,19.4,,0,,0,,0,,8.5,,0,
270165,1985,9,0,,10.6,,14,,36.3,,0,,0,,19,,0,,9.3,,0.3,,0.1,,0.5,,5,,0,,0,,14.8,,1.3,,3.8,,10.4,,0,,0,,0,,10.3,,0,,0,,0,,0,,1.4,,0,,0,,-999.9,M
270165,1985,10,0,,0,,2,,2.4,,0,,0,,0,,0,,40,,0,,8.2,,0,,0,,0,,0,,0,,0,,0,,0,,0,,0,,0,,0,,0,,0,,0,,0,,0,,0,,4.4,,0,
270165,1985,11,0,,0,,0,,0,,0,,0,,0,,0,,0,,0,,0,,0,,0,,0,,0,,0,,0,,0,,0,,0,,0,,0,,0,,0,,0,,0,,0,,0,,0,,0,,-999.9,M
270165,1985,12,0,,0,,0,,0,,0,,0,,0,,0,,0,,0,,0,,0,,0,,0,,0,,0,,0,,0,,0,,0,,0,,0,,0,,0,,0,,0,,0,,0,,0,,0,,0,
270165,1986,1,0,,0,,0,,0,,0,,0,,0,,0,,0,,0,,0,,0,,0,,0,,0,,0,,0,,0,,0,,0,,0,,0,,0,,0,,0,,0,,0,,0,,0,,0,,0,
270165,1986,2,0,,0,,0,,0,,0,,0,,0,,0,,0,,0,,0,,0,,0,,0,,0,,0,,0,,0,,0,,0,,0,,0,,0,,0,,0,,0,,13.7,,4,,-999.9,M,-999.9,M,-999.9,M
270165,1986,3,0,,0,,0,,0,,0,,0,,0,,0,,0,,1.8,,0,,0,,0,,0,,0,,0,,0,,0,,0,,0,,0,,0,,0,,0,,0,,0,,0,,0,,0,,0,,0,
270165,1986,4,0,,0,,0,,0,,0,,0,,0,,0,,0,,79.8,,0,,0,,0,,0,,0,,0,,16.1,,0.2,,0,,0,,8.6,,0,,0,,0,,0,,1.2,,0,,0,,0,,0,,-999.9,M
270165,1986,5,0,,0,,6,,0,,0,,0,,0,,0,,0,,0,,16.2,,0,,0,,0,,0,,5.4,,0,,37.2,,0.8,,0,,0,,0,,1.6,,0,,0,,0,,31.8,,5.8,,0,,0,,60.4,
270165,1986,6,15.6,,0,,0,,21.9,,0.2,,0,,0,,0,,0.1,,0,,0,,0,,10.3,,5.1,,0,,6.3,,0,,0,,14,,0,,0,,0,,0,,0,,18.6,,0,,0,,0,,3.9,,4.7,,-999.9,M
270165,1986,7,0,,0,,37.6,,0,,0,,1.7,,10.5,,0,,1.5,,0.6,,0,,17.5,,4,,0,,6,,0,,1.9,,0,,0,,5.7,,0,,4.9,,0,,49.1,,7.1,,1.6,,55.3,,2.6,,0,,0,,0,
270165,1986,8,20,,1.1,,0,,0,,46.2,,77.5,,9.4,,0,,0,,17,,0,,8.1,,2.8,,14.1,,0,,0,,3.8,,0.1,,10,,15.1,,2.9,,11.6,,0,,1.7,,20.5,,28.2,,0,,31.6,,0,,0,,1.4,
270165,1986,9,8.5,,14.8,,3.1,,0,,16.1,,1.5,,0,,29.8,,1.6,,0,,0,,2.9,,20.9,,0,,7.5,,6.1,,23.4,,2.1,,36.7,,0,,0.4,,0,,0,,0,,3.5,,0,,0,,19.9,,0,,4.7,,-999.9,M
270165,1986,10,0,,0,,0,,0,,0,,0,,0,,0,,0,,0,,0,,0,,0,,0,,0,,0,,0,,0,,0,,0,,0,,0,,0,,0,,0,,0,,0,,0,,0,,0,,0,
270165,1986,11,0,,0,,0,,0,,0,,0,,0,,0,,0,,0,,0,,0,,0,,0,,0,,0,,0,,0,,0,,0,,0,,0,,0,,0,,0,,0,,0,,0,,0,,0,,-999.9,M
270165,1986,12,0,,0,,0,,0,,0,,0,,0,,0,,0,,0,,0,,0,,0,,0,,0,,0,,0,,0,,0,,0,,0,,0,,0,,0,,0,,0,,0,,0,,0,,0,,0,
270165,1987,1,0,,0,,0,,0,,0,,0,,0,,0,,0,,0,,0,,0,,0,,0,,0,,0,,0,,0,,0,,0,,0,,0,,0,,0,,0,,0,,0,,0,,0,,0,,0,
270165,1987,2,0,,0,,0,,0,,0,,0,,0,,0,,0,,0,,0,,0,,0,,0,,0,,0,,0,,0,,0,,16.6,,2.4,,0,,0,,0,,0,,0,,0,,0,,-999.9,M,-999.9,M,-999.9,M
270165,1987,3,0,,0,,0,,0,,0,,0,,0,,0,,0,,0,,0,,2.2,,0,,0,,0,,0,,0,,0,,0,,0.9,,0,,0,,0,,0,,0,,0,,0,,0,,0,,0,,0,
270165,1987,4,0,,0,,0,,0,,0,,0,,0,,0,,0,,0,,0,,0,,0,,0,,0,,0,,0,,0,,0,,0,,0,,0,,0,,0,,0,,0,,0,,0,,0,,0,,-999.9,M
270165,1987,5,6.9,,0,,0,,0,T,0,T,0,T,5.5,,0,,8.2,,0,T,0,T,0,,0,T,0,,0,T,0,,0,T,0,T,0,,0,,17,,0,,0,,0.2,,0.7,,21.9,,13,,0,,0,T,0,,0,
270165,1987,6,0,,27.1,,0,,28.1,,3.9,,31.3,,0.3,,0,T,0,,0,,34.9,,0,,0,,16.7,,0,,0,,25,,0,,0,,0,,0,,0,,5.2,,0,,6.9,,0,,21.1,,0,,0.5,,0,,-999.9,M
270165,1987,7,0,,23.3,,4.3,,0,,0,,0,,0,T,0,,0,,0,,14.9,,0.6,,6.8,,0,,8.6,,0,,12.8,,10.9,,0,T,0,,2.5,,0,,0,,30.8,,0,,29.4,,2.3,,7,,0,,0,,20.3,
270165,1987,8,0.1,,2.2,,4.1,,0.1,,14.8,,0,,27.9,,0,,0,,39.1,,5,,0,,0,,37.9,,15.9,,0,,15.8,,0,,0,T,0,,18.2,,3.6,,0,,0,,14.8,,1.3,,0,,27.3,,12,,4,,0,
270165,1987,9,0,T,0,,9,,0,,0,T,0.7,,0,,0,T,14.5,,14.3,,0,,0,,0,,1.6,,0,,4.8,,0,,0,,0,,0,T,7.2,,54.1,,4.6,,0,,0,,0,,33.3,,0,,7.8,,45.1,,-999.9,M
270165,1987,10,10.9,,20.6,,0,,0,,0,,0,,9.2,,3,,0,,0.2,,0,,0.6,,0,,0,,0,T,0,,0,,0,,0,T,0,,0.8,,0,,0,,0,,0,T,0.1,,0,,0,,0,,0,,0,
270165,1987,11,0,,0,,0,,0,,0,,0,,0,,0,,0,,0,,0,,0.1,,0,,0,,0,,0,,0,,0,,0,,0,,0,,0,,0,,0,,0,,0,,0,,0,,0,,0,,-999.9,M
270165,1987,12,0,,0,,0,,0,,0,,0,,0,,0,,0,,0,,0,,0,,0,,0,,0,,0,,0,,0,,0,,0,,0,,0,,0,,0,,0,,0,,0,,0,,0,,0,,0,
270165,1988,1,0,,0,,0,,0,,0,,0,,0,,0,,0,,0,,0,,0,,0,,0,,0,,0,,0,,0,,0,,0,,0,,0,,0,,0,,0,,0,,0,,0,,0,,0,,0,
270165,1988,2,0,,0,,0,,0,,0,,0,,0,,0,,0,,0,,0,,0,,0,,0,,0,,0,,0,,0,,0,,0,,0,,0,,0,,0,,0,,0,,0,,0,,0,,-999.9,M,-999.9,M
270165,1988,3,0,,1,,0,,0,,0,,0,,0,,0,,0,,0,,0,,0,,0,,0,,0.9,,0,,0,,0,,0,,0,,2.4,,0,,0,,0,,0,,0,,0.2,,0.1,,0,,0,,0,
270165,1988,4,0,,0,,0,,0,,0,,0,,0,,0,,8.2,,0.3,,0,,0,,0,,0,,0,,0,,0,,0,,0,,0,,11.6,,0.5,,0,,0,,0,,59.8,,0,,0.3,,6.5,,0,,-999.9,M
270165,1988,5,0,,0,,0,,0,,1.1,,0,,0,,0,,0,,0,,0,,0,,7.9,,0,,0,,0,,0,,1.6,,0,,9.2,,0,,0,,1.7,,11.8,,0,,0,,22.1,,0,,0,,0,,12.7,
270165,1988,6,2.1,,0,,0,,2.5,,0,,0,,0,,22.3,,14.5,,9,,0,,0,,0,,9.5,,0,,0,,1.7,,20.3,,0.6,,5.8,,0,,21,,15.1,,0,,11.8,,0,,6.2,,0,,0,,15.3,,-999.9,M
270165,1988,7,0,,7.1,,1,,0,,8,,0.6,,0,,0,,26.1,,5.3,,5.6,,3,,11.9,,0,,0,,0,,2.9,,21.7,,5.3,,0,,3.3,,0,,0,,87.1,,9.5,,0,,2.5,,6.1,,38.7,,2.3,,0.5,
270165,1988,8,4.1,,10.1,,0,,0,,8,,6.6,,21.5,,0,,0,,0,,5.8,,0.2,,23.8,,17.4,,0,,5.6,,0.3,,7.2,,8.1,,10.9,,56.5,,0.5,,15.3,,0,,0.4,,3.6,,3.6,,16.4,,2.7,,1,,0.6,
270165,1988,9,0.1,,0.8,,0.1,,11.4,,5.6,,0,,0,,13.7,,8.2,,0.9,,0,,0,,12.7,,7,,0.5,,6.9,,13.8,,0,,0,,0.1,,0,,0,,0,,2.3,,15.7,,7.1,,0,,0.8,,0,,0,,-999.9,M
270165,1988,10,1.8,,48.1,,24.4,,0,,0,,0,,0,,0,,0,,0,,0,,0,,0,,3.1,,0,,0,,0,,0,,0,,0,,0,,0,,0,,0,,0,,0,,4.1,,0,,0,,0,,0,
270165,1988,11,0,,0,,0,,0,,0,,0,,0,,0,,0,,0,,0,,0,,0,,0,,0,,0,,0,,0,,0,,0,,0,,0,,0,,0,,0,,0,,0,,0,,0,,0,,-999.9,M
270165,1988,12,0,,0,,0,,0,,0,,0,,0,,0,,0,,0,,0,,0,,0,,0,,0,,0,,0,,0,,0,,0,,0,,0,,0,,0,,0,,0,,0,,0,,0,,0,,0,
270165,1989,1,0,,0,,0,,0,,0,,0,,0,,0,,0,,0,,0,,0,,0,,0,,0,,0,,0,,0,,0,,0,,0,,0,,0,,0,,0,,0,,0,,0,,0,,0,,0,
270165,1989,2,0,,0,,0,,0,,0,,0,,0,,0,,0,,0,,0,,0,,0,,0,,0,,0,,0,,0,,0,,0,,0,,0,,0,,0,,0,,0,,0,,0,,-999.9,M,-999.9,M,-999.9,M
270165,1989,3,0,,0,,0,,0,,0,,0,,0,,0,,0,,0,,0,,0,,0,,0,,0,,0,,1.9,,0,,0,,0,,0,,0,,0,,0,,0,,0,,0,,0,,0,,0,,0.9,
270165,1989,4,0.2,,0,,0,,0,,0,,0,,0,,0,,0,,0,,0,,0,,0,,0,,0,,0,,0,,0,,0,,0,,0,,0,,5.4,,7.3,,0,,0,,0,,0,,0,,0,,-999.9,M
270165,1989,5,0,,0,,0,,0,,2.3,,4.6,,0,,0,,0,,4.1,,0,,1.6,,0,,0,,0,,0,,0.1,,0,,9.3,,11.7,,1.3,,0.1,,0,,0,,0,,0,,6.3,,2.5,,0,,0,,0,
270165,1989,6,30.5,,6.6,,2.3,,0,,6.8,,0,,3.5,,0,,0,,0,,0,,0,,11.3,,0,,3.6,,15,,0.3,,0,,8.3,,0,,34.2,,26.3,,0,,23.1,,0,,0.4,,1.1,,0.6,,0,,11.3,,-999.9,M
270165,1989,7,24.9,,0,,0,,0,,17.4,,30.4,,0,,0,,7.6,,0,,39.8,,1.3,,8.6,,3.2,,0,,0,,0,,0.2,,0.3,,3.3,,0,,38.1,,1.4,,0.6,,13.6,,0,,3,,0,,0,,3.3,,0,
270165,1989,8,28.9,,11.3,,0,,47.3,,0,,6.2,,0.5,,11.9,,42.3,,37,,0,,0.5,,1,,31.9,,1.7,,2.2,,0,,0,,31.4,,5,,7.2,,2.3,,4.9,,16.1,,3.1,,0.1,,0.3,,16.3,,0,,0.3,,4.9,
270165,1989,9,0,,13.2,,0.5,,8.7,,0,,26.2,,7.9,,2.6,,0,,31.6,,0.2,,25.5,,7.8,,4,,0.3,,0,,14.4,,3,,0,,9,,0,,0,,1,,0.1,,0,,0,,1.2,,0,,2.7,,0,,-999.9,M
270165,1989,10,0,,0,,4.6,,0,,0,,0,,2.9,,25,,0,,2.7,,0,,0,,0,,0,,0,,23.5,,0,,0,,0,,0,,0,,0,,0,,0,,0,,0,,0,,0,,0,,0,,0,
270165,1989,11,0,,0,,0,,0,,0,,0,,0,,0,,0,,0,,0,,0,,0,,0,,0,,0,,0,,0,,0,,0,,0,,0,,0,,0,,0,,0,,0,,0,,0,,0,,-999.9,M
270165,1989,12,0,,0,,0,,0,,0,,0,,0,,0,,0,,0,,0,,0,,0,,0,,0,,0,,0,,0,,0,,0,,0,,0,,0,,0,,0,,0,,0,,0,,0,,0,,0,
270165,1990,1,0,,0,,0,,0,,0,,0,,0,,0,,0,,0,,0,,0,,0,,0,,0,,0,,0,,0,,0,,0,,0,,0,,0,,0,,0,,0,,0,,0,,0,,0,,0,
270165,1990,2,0,,0,,0,,0,,0,,0,,0,,0,,0,,0,,0,,0,,0,,0,,0,,0,,0,,0,,0,,0,,0,,0,,0,,0,,0,,0,,0,,0,,-999.9,M,-999.9,M,-999.9,M
270165,1990,3,0,,0,,0,,0,,0,,0,,0,,0,,0,,0,,0,,0,,0,,0,,0,,0,,0,,0,,0,,0,,0,,0,,0,,0,,0,,0,,0,,0,,0,,0,,0,
270165,1990,4,0,,0,,0,,0,,0,,0.7,,0.5,,0,,0,,0,,0,,0,,0,,0,,0,,22.9,,0,,0,,0,,0,,0,,0,,3.2,,0,,0,,0,,0,,9.8,,0,,0,,-999.9,M
270165,1990,5,0,,0,,0,,0,,0,,32.3,,0,,0,,0,,0,,0,,11.6,,0,,0,,0,,0,,0,,17.9,,4.6,,0,,0,,0.2,,11.9,,13,,0,,0,,0,,0,,0,,29.1,,15.4,
270165,1990,6,12.5,,0.1,,0,,0,,3.8,,0.4,,0,,24.8,,0,,0,,0,,39.4,,0,,0,,0,,19.1,,0,,20.7,,0,,0,,0,,0.1,,0,,23.3,,0,,0,,40.6,,0,,2.3,,0,,-999.9,M
270165,1990,7,0,,0,,0.7,,0,,37,,0,,0,,0.2,,0.9,,23.6,,0,,7.1,,10.7,,1,,1.1,,24.4,,0,,1.3,,0,,8.8,,0,,0.6,,0,,0,,14.6,,0,,11.6,,0,,16.1,,0,,2.5,
270165,1990,8,18.3,,7,,13.4,,0,,18.4,,0.5,,20.5,,0,,29.4,,3.3,,0,,0,,2.5,,18.3,,0,,1.9,,0,,0,,0.2,,0.1,,7.7,,5,,0.4,,0,,2.8,,0,,2.9,,13.5,,1.6,,3.9,,14,
270165,1990,9,14.7,,0,,0,,0,,13.6,,10.6,,14.7,,1.3,,14,,0,,16,,2.1,,18.7,,29.2,,1.7,,15.1,,0,,3.5,,8.2,,0,,0,,0,,7.1,,17.5,,23.7,,14.3,,0,,0,,0,,0,,-999.9,M
270165,1990,10,0,,0,,2.8,,0,,0,,14.5,,0,,0,,0,,0,,0,,4.6,,0,,0,,1,,0,,0,,0.1,,0,,0,,0,,0.8,,0,,19.2,,0,,0,,0,,0,,0,,0,,0,
270165,1990,11,0,,0,,3,,0,,0,,0,,0,,0,,0,,0,,0,,0,,0,,0,,0,,0,,0,,0,,0,,0,,0,,0,,0,,0,,0,,0,,0,,0,,0,,0,,-999.9,M
270165,1990,12,0,,0,,0,,0,,0,,0,,0,,0,,0,,0,,0,,0,,0,,0,,0,,0,,0,,0,,0,,0,,0,,0,,0,,0,,0,,0,,0,,0,,0,,0,,0,
270165,1991,4,0,,0,,0,,0,,0,,0,,0,,0,,0,,0,,0,,0,,0.4,,3.6,,0,,0,,6.7,,0,,0,,0,,0,,2.5,,9.9,,0,,0,,0,,1.1,,0,,0,,3.3,,0,
270165,1991,5,0,,0,,0,,0.6,,0,,1.1,,0,,4,,0,,0,,0.2,,0,,0,,0,,1.9,,22.2,,0,,0,,0,,2.9,,18,,0.4,,0.3,,0,,0,,30.4,,0.4,,0,,24.9,,0.2,,11.4,
270165,1991,6,9.1,,1.1,,17.8,,0,,0,,0,,5.1,,0,,0,,0,,0.9,,47,,0,,0,,24.2,,0,,0,,0,,0,,3.6,,0,,2.7,,2.7,,0,,0,,1.6,,30,,0,,0,,21.7,,-999.9,
270165,1991,7,0,,9.2,,49.2,,0,,0,,0,,0.3,,11.9,,0,,7.8,,0,,0,,0,,0,,13.3,,0,,1.7,,21.7,,0,,14.5,,23.6,,0,,27.8,,0,,35.6,,24.3,,0,,0,,9.8,,0.4,,0,
270165,1991,8,0,,0,,44.4,,10.4,,14.8,,13,,3.3,,13.2,,0.3,,16.2,,18.1,,0,,0,,6.8,,0.9,,0,,0,,20.1,,5.2,,8.7,,13.1,,6,,45.7,,8,,0,,45,,2,,6.5,,62.8,,0,,28.6,
270165,1991,9,0,,24.6,,0,,6.6,,0,,29,,8.5,,0,,0,,10.4,,31.9,,0,,0,,0,,0,,23.2,,0,,2.3,,0,,15.5,,0,,0,,6.7,,17.5,,0,,13.4,,0,,0,,0,,0,,-999.9,
270165,1991,10,0.1,,0,,39,,1.4,,18.4,,28.6,,3.5,,6,,0,,0,,0,,0,,6.8,,1.3,,3.5,,0,,5.6,,33.8,,0,,0,,0.3,,0,,0,,9.8,,0,,0,,0,,0,,0,,0,,0,
270165,1994,1,0,,0,,0,,0,,0,,0,,0,,0,,0,,0,,0,,0,,0,,0,,0,,0,,0,,0,,0,,0,,0,,0,,0,,0,,0,,0,,0,,0,,0,,0,,0,
270165,1994,2,0,,0,,0,,0,,0,,0,,0,,0,,0,,0,,0,,28.1,,0.8,,8.1,,0,,0,,0,,0,,0,,0,,0,,0,,0,,0,,0,,0,,0,,0,,-999.9,M,-999.9,M,-999.9,M
270165,1994,3,0,,0,,0,,0,,0,,0,,0,,0,,0,,0,,0,,0,,0,,0,,1.3,,0,,0,,0,,0,,0,,0,,0,,0,,0,,0,,0,,2,,0,,0,,0,,0.8,
270165,1994,4,0,,0,,0,,0,,0,,0,,0,,0,,0,,1.9,,0,,0,,0,,0,,0,,6,,0,,0,,0,,8.8,,0,,0,,0,,0,,0,,12.5,,0,,0,,0,,0,,-999.9,M
270165,1994,5,0,,0,,0,,0,,16.9,,2.5,,3,,0,,0,,0,,3.5,,0,,0,,0,,0,,0,,2.3,,0.8,,0.2,,18.8,,0,,0,,0,,18.3,,0,,0,,1.8,,6.4,,2,,10.4,,0,
270165,1994,6,2.1,,0,,0,,1.1,,35.7,,0,,19.6,,0,,0,,0,,0,,0,,0,,0,,0,,20.7,,0,,12,,0,,0,,4,,0,,1.8,,0,,20.1,,29.9,,0,,4.3,,0,,11.2,,-999.9,M
270165,1994,7,0.8,,0,,0,,22.2,,0,,0,,4,,0.3,,4.6,,25.9,,11.1,,0.2,,12.3,,0,,0,,26.2,,0,,7.5,,0,,6.2,,19.8,,8.5,,13.2,,22.4,,0.8,,14.7,,1.3,,0,,3.5,,4.8,,0,
270165,1994,8,0,,0,,0,,0,,42.9,,9.1,,0,,0.2,,18.9,,1,,13.1,,0,,0,,32.4,,4,,0.3,,7,,0,,0,,22.6,,3.3,,0,,53.3,,21.8,,0.3,,4.2,,7.6,,0,,0,,2.7,,0.9,
270165,1994,9,0,,0.3,,3.3,,0,,0,,2.1,,7,,49.6,,2.2,,0,,6,,21.7,,3,,5.1,,11.5,,1,,27.5,,49.5,,10.3,,16.3,,3,,37.2,,13.8,,41.9,,0,,0,,1.7,,0,,6.3,,6.4,,-999.9,M
270165,1994,10,0,,6.9,,7,,5,,0.7,,0,,15.2,,0.8,,5.6,,0,,0,,0,,0.4,,0,,5.1,,2.7,,13.8,,69.7,,2.6,,0.9,,5.6,,1.2,,0,,0,,0,,0,,2.1,,0.5,,2.4,,11.7,,3.4,
270165,1993,1,0,,0,,0,,0,,0,,0,,0,,0,,0,,0,,0,,0,,0,,0,,0,,0,,0,,0,,0,,0,,0,,0,,0,,0,,0,,0,,0,,0,,0,,0,,0,
270165,1993,2,0,,0,,0,,0,,0,,0,,0,,0,,0,,0,,0,,0,,0,,0,,0,,0,,0,,0,,0,,0,,0,,0.4,,0,,0,,0,,0,,0,,0,,-999.9,M,-999.9,M,-999.9,M
270165,1993,3,0,,13.7,,4,,0,,0,,0,,0,,0,,0,,0,,0,,0,,0,,0,,0,,0,,0,,0,,2.3,,0,,0,,0,,0,,0,,0,,0,,0,,0,,0,,0,,0,
270165,1993,4,0,,0,,4.8,,0,,0,,0,,0,,0,,24.6,,0,,0,,0,,0,,0,,0,,0,,0,,0.2,,21.4,,0,,0,,1.2,,0,,0,,0.1,,0.8,,1.6,,0,,12.9,,0,,-999.9,M
270165,1993,5,0,,0,,6.5,,0,,0,,0,,0,,0,,0,,0,,0,,4.4,,0,,4.4,,0,,5.8,,0,,7.8,,0,,0,,4.6,,0,,0,,0,,0,,0,,0,,0,,0,,27.7,,6,
270165,1993,6,4.8,,7.7,,0,,0,,0,,1.8,,0,,7.1,,0,,0,,0,,0,,0,,0,,1.3,,0,,0,,1.9,,9.7,,0,,0.9,,0.2,,0,,18.2,,0,,32.3,,0,,10,,0,,5.6,,-999.9,M
270165,1993,7,0,,0.7,,3.9,,0,,0,,14.9,,3.7,,36,,5.8,,0,,2.8,,0,,14.9,,18.3,,0,,1.3,,15.4,,0,,72.7,,0,,0,,36.1,,2.8,,15,,0,,12.6,,0,,0.3,,10.9,,16.6,,0,
270165,1993,8,2.5,,0,,20.3,,0,,0.9,,0,,0,,1.4,,0,,28.2,,0,,0,,40.4,,2,,0,,26.2,,9.4,,32.2,,9.3,,33.2,,6.1,,11.6,,3.8,,0.3,,21.2,,0.5,,0,,13.4,,0,,0,,0,
270165,1993,9,9.7,,27.4,,0,,0,,0,,22.6,,3.9,,0.3,,1.2,,26.3,,17.1,,0,,27.7,,13.7,,42.6,,12.6,,16.3,,0,,10.5,,0,,0.3,,0,,0.2,,5.8,,0,,54.8,,0,,0,,0,,0,,-999.9,M
270165,1993,10,0,,0,,2.3,,0,,0,,11.6,,6,,0,,5.6,,0,,0,,0,,1.6,,0,,0,,0,,0,,4.1,,0,,0,,0,,0,,0,,0.4,,0,,0,,0,,0,,0,,0,,0,
270165,1993,11,0,,0,,19,,0,,0,,0,,0,,0,,0,,0,,0,,0,,0,,0,,0.6,,0,,0,,0,,0,,0,,0,,0,,0,,0,,0,,0,,0,,0,,0,,0,,-999.9,M
270165,1993,12,0,,0,,0,,0,,0,,0,,0,,0,,0,,0,,0,,0,,0,,0,,0,,0,,0,,0,,0,,0,,0,,0,,0,,0,,0,,0,,0,,0,,0,,0,,0,
270165,1995,5,0,,10.3,,8.9,,1.7,,0,,49.2,,0,,0,,1.9,,10.7,,50.1,,0.7,,3.2,,0,,0,,0,,0.9,,6.6,,8.1,,0,,0,,0,,0,,21.8,,2.3,,0,,0,,0,,0,,0,,0,
270165,1995,6,0,,0,,0,,6.4,,11.5,,4,,13.3,,6,,0,,0,,0,,1.9,,22.9,,0,,2.7,,0,,2.9,,0,,0,,21.9,,0,,23.6,,9.4,,0,,9.4,,0,,0,,0,,0,,23.3,,-999.9,
270165,1995,7,0,,0,,0,,0,,0,,0,,5.1,,0,,0,,19.4,,0,,0,,26.3,,0,,0,,0,,8.2,,0,,1.2,,16.1,,0,,2.6,,0,,0,,0,,9.4,,0.7,,2.8,,6.1,,5.9,,0.5,
270165,1995,8,16.6,,0,,0.6,,7.9,,35.9,,15.7,,0,,24.8,,0,,0,,3.3,,2.4,,0,,6.4,,25.9,,0,,14.3,,0,,1.5,,0.8,,32.5,,6,,0,,0,,0,,1.9,,7.7,,0,,12.9,,10.7,,0,
270165,1995,9,0.6,,1.2,,8,,0,,0,,0,,45.6,,0,,0,,0.9,,0,,2.2,,0,,0.2,,2.2,,0,,8.4,,0,,0,,6.1,,0,,32.3,,46.1,,2,,0,,0,,0,,0,,22.8,,0,,-999.9,
270165,1995,10,14.3,,0.8,,0,,0,,6,,5.3,,2.8,,0,,33.7,,15.9,,0,,0,,0,,0,,0,,0,,0,,0,,0,,0,,0,,25.5,,0,,0,,0,,0,,0,,0,,0,,0,,0,
270165,1992,1,0,,0,,0,,0,,0,,0,,0,,0,,0,,0,,0,,0,,0,,0,,0,,0,,0,,0,,0,,0,,0.2,,0,,0,,1,,0,,0,,0,,0,,0,,0,,0,
270165,1992,2,0,,0,,0,,0,,0,,0,,0,,0,,0,,0,,0,,0,,0,,0,,0,,0,,0,,0,,0,,0,,0,,0,,0,,0,,0,,0,,0,,0,,0,,-999.9,M,-999.9,M
270165,1992,3,0,,0,,0,,0,,0,,0,,0,,0,,0,,0,,0,,0,,0,,0,,0,,0,,0,,0,,0,,0,,0,,0,,0,,0,,0,,0,,0,,0,,0,,0,,0,
270165,1992,4,0,,0,,0,,0,,0,,0,,0,,0,,0,,0,,0,,0,,0,,0,,0,,0,,0,,0,,0.5,,0,,0,,1,,0,,0,,0,,0,,13.3,,0,,0,,2.2,,-999.9,M
270165,1992,5,0,,6.4,,2.2,,0.3,,3.7,,0,,23.7,,0,,0,,0,,0,,0,,0,,0,,8.3,,18.6,,16.2,,72.6,,0,,0,,0,,0.1,,2.6,,0,,11.3,,0.1,,0,,8,,13,,7,,0,
270165,1992,6,13.5,,0,,4.2,,0,,1,,0,,2.6,,0.3,,1,,0,,0.9,,6.9,,22.8,,1.2,,0,,0,,0,,7,,0,,1.5,,0,,0,,0,,50.7,,0,,0.3,,0,,0,,0,,24.8,,-999.9,M
270165,1992,7,0,,60.3,,34.4,,0,,0,,0,,0,,19.9,,32.3,,0,,8.6,,23.8,,0.3,,3.9,,47.2,,0,,0,,2.8,,6.9,,0,,1.3,,0,,1.2,,16,,33.1,,7,,0.1,,0,,0,,1.7,,13.2,
270165,1992,8,0,,0,,1.6,,0,,0.6,,5.4,,25.1,,43.5,,5.1,,50.8,,23.6,,2,,21.3,,0,,0,,2.9,,68.5,,0,,0,,0,,9.5,,0,,119.6,,18.8,,18.8,,29.1,,28.9,,0,,1.9,,0,,16.3,
270165,1992,9,0,,0,,14.6,,0,,15.1,,7.8,,1.5,,0,,1.3,,0,,0,,0,,36.6,,0,,1.8,,6,,7.2,,0,,4.7,,0.2,,1,,0.9,,1.5,,0,,0,,5.3,,10.2,,3.5,,2.2,,0,,-999.9,M
270165,1992,10,0,,0,,0,,3.3,,18.8,,0.5,,9.2,,0,,0,,0,,1.7,,1.4,,1.7,,0.5,,0,,4.2,,0,,5.5,,0,,0,,0,,16.1,,0.6,,36.1,,0,,0,,0,,0,,0,,0,,0,
270165,1992,11,0.2,,0,,0,,0,,0,,0,,0,,2,,0.2,,0,,0,,0,,0,,0,,0,,0,,0,,0,,0,,0,,0,,0,,0,,0,,0,,0,,0,,0,,0,,0,,-999.9,M
270165,1992,12,0,,0,,0,,0,,0,,0,,0,,0,,0,,0,,0,,0,,0,,0,,0,,0,,0,,0,,0,,0,,0,,0,,0,,0,,0,,0,,0,,0,,0,,0,,0,
270165,1996,5,0,,0,,0,,0,,0,,0,,0,,8.3,,0,,8.2,,0,,0,,2.9,,0,,0,,0,,0,,0,,3,,0,,0,,0,,0,,0,,0,,34.5,,4.6,,0,,0,,0,,0,
270165,1996,6,0,,0,,0,,3.7,,27.2,,0,,0,,0,,19.8,,0,,0,,0,,0,,0,,0,,0,,0,,34.6,,0.4,,0,,0.3,,0,,10.5,,0,,19.3,,0,,0,,0,,0,,37.8,,-999.9,
270165,1996,7,15.9,,0,,0,,0,,0,,6.1,,0.2,,0,,3,,10.9,,0,,1.4,,0,,21.2,,0,,0,,0,,0,,5,,0,,0,,0,,8.4,,16.1,,0.7,,15.9,,0,,0.2,,78.5,,0,,2.3,
270165,1996,8,0,,0,,13.9,,6,,0,,35.5,,24.2,,0,,0,,0,,1.4,,11.4,,8.4,,18.2,,0,,22.6,,13.9,,9.8,,0,,0,,3.3,,0,,0,,3.3,,2.2,,0,,0,,0.3,,0,,1.3,,0,
270165,1996,9,12.1,,0,,8.3,,0,,44.4,,16.2,,0,,15.8,,0,,0,,0,,1.6,,0.3,,16.1,,0,,0,,8.6,,0,,0,,15.7,,4.6,,0,,1.1,,2.9,,14.6,,0.2,,0,,0,,21.8,,0,,-999.9,
270165,1996,10,0,,1.6,,0,,0,,7.3,,0,,0,,12.6,,0,,0,,0,,16.7,,0,,4,,0,,0,,0,,0,,0,,0,,0,,7,,0,,0,,0,,0,,0,,16.7,,0,,0,,0,
270165,1991,1,0,,0,,0,,0,,0,,0,,0,,0,,0,,0,,0,,0,,0,,0,,0,,0,,0,,0,,0,,0,,0,,0,,0,,0,,0,,0,,0,,0,,0,,0,,0,
270165,1991,2,0,,0,,0,,0,,0,,0,,0,,0,,0,,0,,0,,0,,0,,10.8,,0,,0,,0,,0,,0,,0,,0,,0,,0,,0,,0,,0,,0,,0,,0,,0,,0,
270165,1991,3,0,,0,,0,,0,,0,,0,,0.3,,29.1,,0,,0,,0,,0,,0,,0,,0,,0,,0,,0,,0,,0,,0,,0,,0,,0,,0,,0,,0,,0,,0,,0,,0,
270165,1991,11,0.9,,0,,0,,0,,25,,0,,0,,0,,0,,0,,0,,0,,0,,0,,0,,0,,0,,0,,0,,0,,0,,0,,0,,0,,0,,0,,0,,0,,0,,0,,0,
270165,1991,12,0,,0,,0,,0,,0,,0,,0,,0,,0,,0,,0,,0,,0,,0,,0,,0,,0,,0,,0,,0,,0,,0,,0,,0,,0,,0,,0,,0,,0,,0,,0,
270165,1994,11,0,,2.3,,0.8,,0.2,,0,,0,,0,,0,,0,,0,,0,,0,,0,,0,,0,,0,,0,,0,,0,,0,,0,,0,,0,,0,,0,,0,,0,,0,,0,,0,,-999.9,M
270165,1994,12,0,,0,,0,,0,,0,,0,,0,,0,,0,,0,,0,,0,,0,,0,,0,,0,,0,,0,,0,,0,,0,,0,,0,,0,,0,,0,,0,,0,,0,,0,,0,
270165,1995,1,0,,0,,0,,0,,0,,0,,0,,0,,0,,0,,0,,0,,0,,0,,0,,0,,0,,0,,0,,0,,0,,0,,0,,0,,0,,0,,0,,0,,0,,0,,0,
270165,1995,2,0,,0,,0,,0,,0,,0,,0,,0,,0,,0,,0,,0,,0,,0,,0,,0,,0,,0,,0,,0,,0,,0,,0,,0,,0,,0,,0,,0,,0,,0,,0,
270165,1995,3,0,,0,,0,,0,,0,,0,,0,,0,,0,,0,,0,,0,,0,,0,,0,,0,,0,,0,,13.1,,0,,0,,0.5,,0,,0,,4,,0,,0,,0,,0,,0,,17.1,
270165,1995,4,0,,0,,0,,0,,0.7,,2.8,,0,,0,,0,,5.1,,1.3,,0,,0,,0,,4.7,,0,,0,,0,,0,,3.7,,0,,0,,0,,6.6,,0,,2.2,,0.8,,0,,0,,0,,0,
270165,1995,11,0,,0,,0,,0,,0.9,,0,,0,,0,,0,,0,,0,,0,,0,,0,,0,,0,,0,,0,,0,,0,,0,,0,,0,,0,,0,,0,,0,,0,,0,,0,,-999.9,
270165,1995,12,0,,0,,0,,0,,0,,0,,0,,0,,0,,0,,0,,0,,0,,0,,0,,0,,0,,0,,0,,0,,0,,0,,0,,0,,0,,0,,0,,0,,0,,0,,0,
270165,1996,1,0,,0,,0,,0,,0,,0,,0,,0,,0,,0,,0,,0,,0,,0,,0,,0,,0,,0,,0,,0,,0,,0,,0,,0,,0,,0,,0,,0,,0,,0,,0,
270165,1996,2,0,,0,,0,,0,,0,,0,,0,,0,,0,,0,,0,,0,,0,,0,,0,,0,,0,,0,,0,,0,,0,,0,,0,,0,,0,,0,,0,,0,,0,,-999.9,,-999.9,
270165,1996,3,0,,0,,0,,0,,0,,0.8,,0,,0,,0,,0,,0,,0,,0,,0,,0,,0,,0,,0,,0,,0,,0,,0,,0,,0,,11.3,,0,,0,,0,,0,,0,,0,
270165,1996,4,0,,0,,0,,6.5,,0,,0,,0,,0,,0,,0,,0,,0,,0,,1.2,,0,,0,,15.7,,0,,0,,0,,16.8,,0,,0,,0,,0,,0,,3.2,,0,,0,,0,,-999.9,
270165,1996,11,0,,0,,0,,0,,0,,0,,0,,0,,0,,0,,0,,0,,0,,0,,0,,0,,0,,0,,0,,0,,0,,0,,0,,0,,0,,0,,0,,0,,0,,0,,-999.9,
270165,1996,12,0,,0,,0,,0,,0,,0,,0,,0,,0,,0,,0,,0,,0,,0,,0,,0,,0,,0,,0,,0,,0,,0,,0,,0,,0,,0,,0,,0,,0,,0,,0,
270165,1997,1,0,,0,,0,,0,,0,,0,,0,,0,,0,,0,,0,,0,,0,,0,,0,,0,,0,,0,,0,,0,,22.4,,0,,0,,0,,0,,0,,0,,0,,0,,0,,0,
270165,1997,2,0,,0,,0,,0,,0,,0,,0,,0,,0,,0,,0,,0,,0,,0,,0,,0,,0,,0,,0,,0,,0,,0,,0,,0,,0,,0,,0,,0,,-999.9,,-999.9,,-999.9,
270165,1997,3,0,,0,,0,,0,,0,,0,,0,,0,,0,,0,,0,,0,,0,,0,,0,,0,,0,,0,,0,,0,,0,,0,,0.9,,0,,0,,0,,0,,0,,0,,0,,0,
270165,1997,4,0,,0,,0,,0,,0.7,,0,,0,,0,,36.2,,0,,2.3,,0,,0,,0,,0,,0,,1.9,,0,,1.7,,10.3,,0,,75.1,,0,,0,,0,,0,,0,,0,,0,,0,,-999.9,
270165,1997,5,0,,0,,0,,0,,3.8,,10.1,,21.1,,0,,3.5,,0,,0,,0,,0,,3.3,,49.6,,0,,0,,0,,0,,1.6,,1.1,,0,,0,,1,,0,,32.4,,10.4,,0,,0,,0,,23.5,
270165,1997,6,0.3,,0,,0,,22.7,,1.7,,14.4,,5.4,,13.6,,15.7,,0.5,,33.4,,2.8,,10.5,,22.5,,10.8,,0,,24.7,,0,,0,,0,,22.4,,0,,26.7,,1.8,,0,,0,,9.7,,6.3,,0,,0,,-999.9,
270165,1997,7,0,,10.5,,0,,0,,0,,0,,0,,1.5,,1.8,,2,,0,,0,,0,,23.9,,0,,5.1,,0,,0,,13.1,,15.5,,0,,0,,7.3,,16.1,,0,,0,,0,,0,,9.1,,1.7,,17.3,
270165,1997,8,0.2,,0,,0,,0,,33.1,,0,,0,,0,,16.3,,12.8,,3.2,,7.9,,2.5,,3.1,,9.2,,2.5,,0,,1.6,,30.4,,0.3,,0,,12.4,,0,,2.8,,5.2,,2.9,,0.5,,0,,10.3,,2.3,,0,
270165,1997,9,6.9,,1.9,,2.1,,12.5,,20.5,,0.3,,11.5,,0,,22.2,,18.6,,14.6,,0,,0,,17.5,,16.4,,5.6,,5.4,,4,,0,,0,,9.1,,0,,0,,0,,13.7,,2,,17.5,,0,,4.3,,0,,-999.9,
270165,1998,4,0,,0,,0,,0,,0,,0,,0,,0,,3.8,,0,,0,,0,,0,,0,,4.4,,1.2,,0,,0,,10.1,,0,,2.6,,0,,0,,0,,0,,0,,0,,0,,0,,5.4,,-999.9,
270165,1998,5,0,,0,,4.9,,4,,0,,0,,0,,0,,0,,0,,0,,0,,1.6,,4.2,,0,,25.2,,54.2,,0,,0,,0,,0,,0,,4.5,,0,,0,,0,,0,,43.2,,0,,0,,0,
270165,1998,6,22.7,,29.5,,0,,0,,0,,14.9,,0.4,,7.9,,29.3,,0.6,,0,,4.8,,0,,0,,0,,7.8,,0,,0,,0,,0,,1.5,,0,,0,,0,,0,,0,,0,,0,,4.9,,4.2,,-999.9,
270165,1998,7,6.7,,12.3,,0,,0,,34.4,,0,,9.2,,2.3,,10.7,,0,,4.8,,0,,0,,0,,38,,12.7,,0,,49.6,,0.9,,0,,66.9,,7.7,,0.4,,11.4,,0,,47.2,,0,,5.6,,0,,0,,27.9,
270165,1998,8,33.6,,0.4,,45.9,,15.9,,0,,0.4,,0,,6.4,,0,,13.8,,28.7,,5.8,,2.9,,30.2,,17.7,,33.6,,0,,13.6,,0,,48.4,,13.1,,0,,7.7,,0.2,,59.2,,2.7,,0,,0,,33.1,,0,,5.5,
270165,1998,9,4.7,,30.7,,3.5,,0,,20.6,,14,,42,,1.4,,0,,2.4,,40,,1.6,,0,,31,,2.3,,2,,0,,45.5,,0.3,,21.9,,3.3,,1.7,,7.8,,0.1,,0,,14.6,,3.3,,3.7,,0,,8.1,,-999.9,
270165,1998,10,5.9,,0,,7,,2.1,,0,,0.2,,0,,0,,0,,0,,0,,0,,0,,0,,0,,0,,0,,14.1,,0,,0,,4.7,,0,,0,,1.5,,7.3,,0,,0,,0,,0,,0,,0,
270165,1997,10,7.1,,10.4,,0,,12.8,,0.1,,15.9,,0,,0,,0,,0,,0,,0,,0.3,,0,,0,,0,,0,,3.1,,0,,0,,0,,0,,0,,0.6,,0,,0,,0,,0,,2.9,,0,,0,
270165,1997,11,0,,0,,0,,0,,0,,0,,0,,0,,0.3,,0,,0,,0,,0,,0,,0,,0,,0,,0,,0,,0,,0,,0,,0,,0,,0,,0,,0,,0,,0,,0,,-999.9,
270165,1997,12,0,,0,,0,,0,,0,,0,,0,,0,,0,,0,,0,,0,,0,,0,,0,,0,,0,,0,,0,,0,,0,,0,,0,,0,,0,,0,,0,,0,,0,,0,,0,
270165,1998,1,0,,0,,0,,0,,0,,0,,0,,0,,0,,0,,0,,0,,0,,0,,0,,0,,0,,0,,0,,0,,0,,0,,0,,0,,0,,0,,0,,0,,0,,0,,0,
270165,1998,2,0,,0,,0,,0,,0,,0,,0,,0,,0,,0,,0,,8.2,,0,,0,,0,,0,,0,,0,,0,,0,,0,,0,,0,,0,,0,,0,,0,,0,,-999.9,,-999.9,,-999.9,
270165,1998,3,0,,0,,0,,0,,0,,0,,0,,0,,0,,0,,0,,0,,0,,0,,0,,0,,0,,0,,0,,0,,0,,0,,0,,0,,0,,0,,0,,0,,0,,0,,0,
270165,1998,11,0,,0,,0,,0,,0,,0,,0,,0,,0,,0,,0,,0,,0,,0,,0,,0,,0,,0,,0,,0,,0,,0,,0,,0,,0,,0,,0,,0,,0,,0,,-999.9,
270165,1998,12,0,,0,,0,,0,,0,,0,,0,,0,,0,,0,,0,,0,,0,,0,,0,,0,,0,,0,,0,,0,,0,,0,,0,,0,,0,,0,,0,,0,,0,,0,,0,
270165,1999,5,0,,0,,2.1,,23.2,,0,,0,,0,,1.2,,0,,0,,0,,0,,18.1,,1.1,,0,,0,,0,,14.4,,0,,0,,0,,0,,0,,0,,0,,0,,2.1,,0,,0,,0,,0,
270165,1999,6,0.4,,0,,0,,0,,0,,3.4,,2.1,,5.4,,0,,0,,34,,0,,0.4,,1.3,,0,,0,,15.5,,27.7,,0,,0,,0,,16.7,,0,,5.5,,0,,18.9,,0,,9.2,,0,,24.6,,-999.9,
270165,1999,7,7.1,,0,,3.1,,0,,0,,8.8,,2.7,,0.9,,0,,14.2,,0.2,,27.7,,6.3,,11.7,,0,,0,,4.9,,0,,0,,20,,0,,11.6,,0,,32.1,,7.1,,16.2,,24.9,,26,,2.7,,4.8,,2.7,
270165,1999,8,52.2,,0.1,,0,,15.7,,3.9,,0,,46.2,,4.2,,0,,66.3,,16.5,,0.8,,5.5,,19.6,,2.1,,12.7,,4.7,,6.3,,8.6,,0,,16.5,,18.9,,0.1,,0,,10.3,,14.2,,0,,0,,0,,2.5,,0.1,
270165,1999,9,2.6,,0.8,,9.4,,1.8,,1.6,,0,,22.5,,5.6,,0.4,,7.9,,0,,8.6,,0,,22.1,,2.3,,4.5,,19.5,,0,,0.2,,7.4,,0.4,,1,,1.9,,0,,18.7,,4.1,,0.4,,0,,0,,0,,-999.9,
270165,1999,10,6,,0,,2,,1.8,,0,,21.5,,11.3,,0,,2.5,,0,,0,,0,,0,,1,,10.2,,2,,0,,0,,0,,0,,0,,0,,0,,0,,0,,0.2,,0,,0,,0.2,,17.4,,0,
270165,1999,1,0,,0,,0,,0,,0,,0,,0,,0,,0,,0,,0,,0,,0.6,,0,,0,,0,,0,,0,,0,,0,,0,,0,,0,,0,,0,,0,,0,,0,,0,,0,,0,
270165,1999,2,0,,0,,0,,0,,0,,0,,0,,0,,0,,0,,0,,0,,0,,0,,0,,0,,0,,0,,0,,0,,0,,0,,0,,0,,0,,0,,0,,0,,-999.9,,-999.9,,-999.9,
270165,1999,3,0,,0,,0,,0,,0,,0,,0,,0,,0,,0,,0,,0,,0,,0.2,,0.2,,0.5,,0,,0,,0,,0,,0,,0,,0,,0,,0,,0,,0,,0,,0,,0,,0,
270165,1999,4,0,,0,,0,,0,,0,,0,,0,,0,,0,,0,,0,,0,,0,,0.4,,11.7,,0,,1.6,,0,,0,,0,,9.3,,0,,0,,0,,0,,0,,12.1,,17.2,,0,,0,,-999.9,
270165,1999,11,0,,0,,0,,0,,0,,0,,0,,0,,0,,0,,0,,0,,0,,0,,0,,0,,0,,53.2,,4.9,,0,,0,,0,,0,,0,,0,,0,,0,,0,,0,,0,,-999.9,
270165,1999,12,0,,0,,0,,0,,0,,0,,0,,0,,0,,0,,0,,0,,0,,0,,0,,0,,0,,0,,0,,0,,0,,0,,0,,0,,0,,0,,0,,0,,0,,0,,0,
270165,2000,5,0.1,,0,,0.3,,0,,0,,11.8,,0,,22.8,,0,,0,,0,,15.4,,0,,0,,0,,0,,1.4,,0.1,,6.5,,0,,24.2,,0,,0,,17.3,,0,,14.1,,0,,2.9,,0,,0,,13.4,
270165,2000,6,0,,0,,15.2,,0,,0.8,,0,,0,,0,,4.7,,0,,0.3,,14.3,,1.3,,19.4,,0,,7.2,,0,,0.3,,9.7,,10.2,,2.5,,3.4,,9.4,,0,,0,,35.6,,0,,0,,2.5,,1.7,,-999.9,
270165,2000,7,0,,0,,14.9,,0.3,,0,,0,,0,,0,,29.3,,0,,0.8,,0.9,,0,,29.4,,0,,0,,17,,0.7,,0,,0,,7.6,,0.2,,0,,0,,34,,9.9,,0,,0,,31.4,,1.2,,0.9,
270165,2000,8,69.9,,13.3,,4.5,,0,,15.3,,0,,2.5,,0,,9.7,,18.5,,37.1,,0,,12.8,,35.7,,18.4,,0,,0,,25.1,,1.9,,16.1,,29.5,,0,,15.7,,4.9,,0,,1.4,,0.5,,2.1,,0.2,,0,,9.8,
270165,2000,9,3,,0,,0,,0.4,,20,,3.3,,3.5,,17.1,,0,,0,,18,,0.6,,0,,0,,0,,0,,0,,21.9,,0,,6.7,,0,,0,,0,,4.5,,4.8,,0,,32.3,,0.6,,0.5,,0,,-999.9,
270165,2000,10,1.3,,7.3,,0,,0,,0,,0,,0,,0,,33.1,,9.1,,0.7,,0,,1.6,,0,,0,,0,,0,,0,,0,,0,,0,,2,,0,,0,,0,,0,,0,,0,,0,,0,,2.3,
270165,2000,1,10.3,,2.6,,0,,0,,0,,0,,0,,0,,0,,0,,0,,0,,0,,0,,0,,0,,0,,0,,0,,0,,0,,0,,0,,0,,0,,0,,0,,0,,0,,0,,0,
270165,2000,2,0,,0,,0,,0,,0,,0,,0,,0,,0,,0,,0,,0,,0,,0,,0,,0,,0,,0,,0,,0,,0,,0,,0,,0,,0,,0,,0,,0,,0,,-999.9,,-999.9,
270165,2000,3,0,,0,,0,,0,,0,,0,,0,,0,,0,,0,,0,,0,,0,,0,,0,,0,,0,,0,,0,,0,,0,,0,,0,,0,,0,,0,,0.2,,0,,0.6,,0,,0,
270165,2000,4,0,,0,,3.1,,0,,0,,0,,2.5,,34,,0.1,,0,,0,,0,,0,,0,,0,,1.8,,14.8,,0,,0,,0,,0,,0,,0,,8.1,,0,,0,,0,,2.2,,0,,0,,-999.9,
270165,2000,11,0,,0,,0,,0,,0,,0,,0,,0,,0,,0,,25.1,,0,,0,,0,,0,,0,,0,,0,,0,,0,,0,,0,,0,,0,,0,,0,,0,,0,,0,,0,,-999.9,
270165,2000,12,0,,0,,0,,0,,0,,0,,0,,0,,0,,0,,0,,0,,0,,0,,0,,0,,0,,0,,0,,0,,0,,0,,0,,0,,0,,0,,0,,0,,0,,0,,0,
270165,2001,5,0,,9,,0,,0,,0,,0,,0,,18.8,,0,,0,,0,,0,,0,,0,,0,,0,,0,,0.1,,0,,0,,0,,0.3,,5.5,,0,,0,,0,,0,,0,,15.6,,0,,0,
270165,2001,6,0.2,,0,,0,,0,,0,,2.2,,0,,0,,0,,0,,10.7,,0,,26.8,,13.3,,14,,7.6,,3.8,,0,,0,,0,,25.1,,21.8,,0,,22.4,,0,,0.2,,34.2,,0,,0.5,,0,,-999.9,
270165,2001,7,10.8,,0.5,,13.4,,0,,1,,0,,0.3,,1.8,,0,,54.5,,10.4,,0,,0,,1.2,,15.4,,0.5,,7.6,,0,,1.5,,70,,0,,0.2,,19.2,,0,,46.6,,0.1,,0.8,,0,,15.3,,0.3,,1.3,
270165,2001,8,37.5,,1.8,,0,,0,,7.2,,0.7,,42.4,,46,,0.8,,0.4,,0,,17.4,,0,,7.7,,2.2,,21.3,,0,,0,,4.3,,0,,3.3,,6.2,,0,,0,,3.6,,0.5,,6.4,,42.9,,0,,0,,0.3,
270165,2001,9,1.8,,0,,26.5,,1,,0,,21.6,,12.3,,0,,54.9,,0,,0,,1.7,,0,,1.6,,37.6,,7.7,,16.1,,7.1,,5,,0,,0,,6.5,,0,,0,,0,,0,,2.3,,0.2,,0,,0,,-999.9,
270165,2001,10,0,,0,,0,,3,,0,,0,,0,,0.1,,0,,51.2,,2.3,,0,,0,,0,,0,,0,,0,,0,,0,,0,,0,,0,,0,,0,,18.4,,14.8,,0,,0,,0,,0,,0,
270165,2001,1,0,,0,,0,,0,,0,,0,,0,,0,,0,,0,,0,,0,,0,,0,,0,,0,,0,,0,,0,,0,,0,,0,,0,,0,,0,,0,,0,,0,,0,,0,,0,
270165,2001,2,0,,0,,0,,0,,0,,0,,0,,0,,0,,0,,0,,0,,0,,0,,0,,0,,0,,0,,0,,0,,0,,0,,0,,0,,0,,0,,0,,0,,-999.9,,-999.9,,-999.9,
270165,2001,3,0,,0,,0,,0,,0,,0,,0,,0,,0,,0,,0,,0,,0,,0,,3.5,,0,,0,,0,,0,,0,,0,,0,,0,,0,,0,,0,,0,,0,,0,,0,,0,
270165,2001,4,0,,0,,0,,0,,0,,0,,4.9,,0,,0,,0,,0,,0,,10.8,,0,,0,,0,,0,,15.1,,0,,2,,0.2,,0,,0,,0,,0,,0,,0,,0,,1.8,,16.2,,-999.9,
270165,2001,11,0,,0,,0,,0,,0,,0,,0,,0,,0,,0,,0,,0,,0,,0,,0,,0,,0,,0,,0,,0.2,,0,,0,,0,,0,,0,,0,,0,,0,,0,,0,,-999.9,
270165,2001,12,0,,0,,0,,0,,0,,0,,0,,0,,0,,0,,0,,0,,0,,0,,0,,0,,0,,0,,0,,0,,0,,0,,0,,0,,0,,0,,0,,0,,0,,0,,0,
270165,2002,5,0,,0,,0,,0,,0,,0,,0,,0.2,,9.8,,0,,0,,0,,0,,0,,0,,4.1,,0,,0,,0,,0,,0,,1.1,,1.8,,0,,0,,0,,0,,0,,0,,0,,13.4,
270165,2002,6,0,,0,,24.1,,1.1,,0,,8.5,,0,,0.2,,2.4,,0.3,,0,,8.6,,0,,11.3,,0,,0,,0,,0.6,,0,,1.2,,0,,36.6,,2.4,,5.5,,0,,0,,19.8,,0,,1.3,,0,,-999.9,M
270165,2002,7,0,,17.8,,19.2,,0,,0,,12.5,,4.3,,17.8,,0.4,,0,,10,,1.5,,0,,11.8,,0,,0,,0,,0.6,,0,,19.8,,0,,29.1,,0,,26.7,,0,,0,,0,,14.9,,17.4,,0,,1.9,
270165,2002,8,0,,1.2,,0.8,,0,,1.4,,7.2,,0,,0,,27.2,,0,,0,,21.8,,0,,10.3,,0,,0,,14.1,,0,,0,,0,,31.6,,0,,0,,5.6,,0,,15.8,,2.8,,0,,0,,0,,0.8,
270165,2002,9,29.5,,35.6,,2.1,,36.2,,0,,15.1,,2,,0,,0,,0,,5.4,,5.8,,9.3,,0,,0,,0,,20.3,,12.3,,0,,0,,0,,0,,0,,13.4,,0,,0,,0,,0,,10.7,,0,,-999.9,M
270165,2003,5,0,,0,,0,,2,,0,,0,,0,,4.3,,1.7,,0,,0,,0,,0,,0,,1.1,,0,,0,,0,,0,,0,,8.6,,0,,0,,32.1,,0,,0,,5,,1.2,,0,,0,,5.3,
270165,2002,1,0,,0,,0,,0,,0,,0,,0,,2.8,,0,,0,,0,,0,,0,,0,,0,,0,,0,,0,,0,,0,,0,,0,,0,,0,,0,,0,,0,,0,,0,,0,,0,
270165,2002,2,0,,0,,0,,0,,0,,0,,0,,0,,0,,0,,0,,0,,0,,0,,0,,0,,0,,0,,0,,0,,0,,0,,0,,0,,0,,0,,0,,0,,-999.9,M,-999.9,M,-999.9,M
270165,2002,3,0,,0,,0,,0,,0,,0,,0,,0,,0,,0,,0,,0,,0,,0,,0,,0,,0,,0,,0,,0,,0,,0,,0,,0,,0,,0,,0,,0,,0,,0,,0,
270165,2002,4,0,,7.2,,0,,6.3,,0,,30.2,,0,,9.6,,0,,0,,0,,0,,0,,0,,0,,0,,0,,0,,2.8,,16.2,,0,,0,,0,,0,,0,,0,,0,,0,,0,,0,,-999.9,M
270165,2002,10,0,,0,,0,,3.5,,1.2,,12.5,,9.6,,23.8,,0,,0,,0,,0,,2.8,,0,,19.1,,0,,0,,0,,0,,0,,0,,1.9,,0,,0,,0,,0,,0,,0,,0,,0,,0,
270165,2002,11,0,,0,,0,,0,,0,,0,,0,,0,,0,,0,,0,,0,,0,,0,,0,,0,,0,,0,,0,,0,,0,,0,,0,,0,,0,,0,,0,,0,,0,,0,,-999.9,M
270165,2002,12,0,,0,,0,,0,,0,,0,,0,,0,,0,,0,,0,,0,,0,,0,,0,,0,,0,,0,,0,,0,,0,,0,,0,,0,,0,,0,,0,,0,,0,,0,,0,
270165,2003,6,47.5,,1.7,,3,,0,,7.4,,0,,0,,0,,0,,0.5,,0,,24.9,,3.5,,0,,0,,0,,11.7,,0,,26.3,,0,,0,,0.6,,14.9,,32.7,,19.7,,13.8,,0.3,,0,,52.3,,0,,-999.9,M
270165,2003,7,0,,0,,0,,24.5,,0,,7.3,,5.2,,2.6,,0,,42.8,,0.9,,0,,11.7,,0.6,,6.1,,0,,21.1,,0,,0,,2.3,,2.8,,0.3,,2.3,,0,,21.9,,0,,8.9,,7,,20.3,,0,,0,
270165,2003,8,0,,5.5,,5.7,,1.9,,0,,18.8,,0,,10.2,,6.2,,0,,0,,6.5,,1.9,,29.2,,2.5,,0.6,,36.9,,5.7,,0,,37.7,,7,,0,,33.8,,0.6,,0,,0,,0,,36.3,,58.6,,3.6,,36.3,
270165,2003,9,25,,21.9,,0.2,,3.9,,0,,8.9,,0.2,,0,,0,,0,,10.3,,0.4,,0,,17.6,,0,,3.7,,0,,0,,28.8,,0,,0,,0,,24.8,,22.1,,1.5,,0,,0,,56,,0.5,,0,,-999.9,M
270165,2003,10,0,,0.8,,0,,0,,0,,5.1,,0,,6.9,,0,,0,,2.7,,0,,0,,0,,5.1,,0,,0,,0,,0,,14,,1.3,,0,,0,,0,,16.3,,0.8,,0,,12.9,,0,,0,,16.7,
270165,2004,4,1,,0,,0,,0,,0,,0,,0,,0,,0,,0,,30,,0,,0,,0,,0,,0,,0,,0,,0,,0,,33,,0,,0,,0,,0,,0,,0,,0,,0,,0,,-999.9,M
270165,2004,5,0,,0,,0,,0,,0,,0,,0,,0,,0,,0,,0,,16.3,,0,,0,,0.9,,0,,26.4,,0,,3.9,,0,,0,,0,,48.3,,0,,0,,0,,0,,0,,12.4,,0,,0,
270165,2004,6,0,,21.3,,0,,0,,0,,0,,0,,6.6,,4.7,,0,,0,,2.3,,0,,0,,0,,0,,0,,0,,0,,0,,1.9,,0,,0,,0,,0,,12.6,,33.4,,0.8,,0,,0.2,,-999.9,M
270165,2004,7,0.1,,17.2,,9.9,,0.4,,0,,12.2,,0,,0,,0,,0,,18.9,,0.1,,21.4,,4.9,,0,,0,,6.3,,0,,65.8,,0,,0,,0,,9.4,,79.2,,19.3,,0,,19.1,,4.1,,22.2,,0,,13.5,
270165,2004,8,4.2,,3,,0,,9.4,,2.6,,0,,0,,38.9,,0,,18.9,,2.4,,2.5,,0,,33.1,,0,,50.8,,0.8,,0,,17.9,,20.6,,0,,0.9,,81.3,,0.2,,3.1,,13.9,,0,,0.1,,0,,14.3,,0,
270165,2004,9,0,,64,,0,,11.7,,0,,0,,26,,20.5,,11.1,,0,,10.3,,0.4,,0,,17.6,,0,,3.7,,0,,0,,28.8,,0,,5.4,,32.2,,3.2,,21.4,,0,,7.5,,0,,0,,0,,0,,-999.9,M
270165,2004,10,0,,0,,0,,6.6,,0,,0,,0,,0,,0,,1.5,,2.7,,0,,0,,10.8,,0,,0,,0,,0,,0,,0,,0,,4.9,,0,,0,,0,,0,,0.4,,5.1,,0,,0,,0,
270165,2005,5,0.8,,12.8,,0,,2,,3.6,,7.2,,0,,0,,12.9,,0,,0,,3,,0,,0,,0,,7.6,,0,,24,,0,,0,,26.6,,0,,0,,1,,0,,0.4,,0,,1.6,,0,,0,,0,
270165,2005,6,3.2,,2.6,,0,,18,,0,,0,,0,,0,,0,,0.5,,0,,6.7,,5.1,,0,,0.5,,0,,0,,0,,31.6,,0,,26.6,,0,,0,,20.1,,0.3,,0,,21.1,,0,,12.8,,0,,-999.9,M
270165,2005,7,10.4,,0.2,,29.3,,6.4,,0,,0,,0.1,,31.3,,0,,0,,4.7,,0,,0,,54,,0.1,,0,,22.4,,0.3,,1.2,,0,,0.4,,0,,10.7,,0.1,,0.1,,0,,0,,13.4,,13,,0,,11.7,
270165,2005,8,13.8,,9.6,,0.2,,9.7,,21.7,,0,,0,,25.1,,0,,0,,30.7,,66.1,,0.1,,0.5,,0,,16.8,,28.4,,4.9,,0.6,,0,,21.2,,6.7,,25,,0,,0,,1.2,,0.4,,0.3,,17.4,,0.2,,2.5,
270165,2005,9,0,,20,,0,,0,,5.6,,0.7,,1.5,,9.9,,5.5,,0,,0,,28.4,,0,,0,,0,,8.5,,7.5,,0,,0,,10.2,,0,,1,,37.2,,34.7,,18.3,,0.3,,4.8,,0,,0.3,,0,,-999.9,M
270165,2005,10,3.9,,0,,20,,0,,0,,0,,0,,0,,0,,0.2,,0,,0,,21.4,,0,,0,,3.6,,0,,1,,0,,0,,0,,0,,0,,0,,0,,0,,0,,0,,0,,0,,0,
270165,2006,4,-999.9,M,-999.9,M,-999.9,M,-999.9,M,-999.9,M,-999.9,M,-999.9,M,-999.9,M,-999.9,M,-999.9,M,-999.9,M,-999.9,M,-999.9,M,-999.9,M,-999.9,M,-999.9,M,-999.9,M,-999.9,M,-999.9,M,-999.9,M,0,,0,,0,,14,,6,,0,,0,,0,,0,,6,,-999.9,M
270165,2006,5,0,,27,,0,,0,,0,,0,,0,,33.6,,0,,0,,0,,0,,0,,8.9,,0,,0,,0,,3,,0,,32.5,,0,,0.5,,30.6,,0,,0,,0,,0,,5.7,,0.2,,0,,0,
270165,2006,6,0.3,,7.8,,0,,0,,13.5,,0.3,,25.4,,0,,4.3,,0.2,,0,,0,,0,,0,,0,,0,,0,,0,,0,,0,,31.2,,4.4,,0,,0,,0.1,,14.9,,0,,0,,3.2,,24.8,,-999.9,M
270165,2006,7,0,,0,,0,,19.2,,0.6,,0,,0,,0,,0,,0,,0.2,,0,,0,,1.9,,29.8,,0,,0,,0,,0,,0,,1.6,,39.1,,15.4,,0,,12.1,,0.2,,0,,0,,1.8,,0,,8.8,
270165,2006,8,24.2,,0.1,,0,,41.7,,0,,0,,28.7,,0,,4.5,,0,,28.9,,1.5,,0,,32.5,,0,,9.2,,1.2,,7.8,,0,,0,,0,,16.2,,0.4,,1.4,,0.5,,20.1,,0,,47.2,,0,,0,,6.2,
270165,2006,9,7.3,,0.1,,15.8,,0.1,,12,,36.4,,0,,18.8,,11,,6.9,,0,,4.5,,8.3,,0,,10.2,,0,,0.1,,0,,5.3,,0,,5,,6.5,,45.8,,6.5,,0,,4.3,,0,,0.4,,0,,11.3,,-999.9,M
270165,2006,10,0,,33.2,,0.3,,0,,1.5,,21.9,,0,,15.4,,0.3,,13.6,,67,,0.5,,1.7,,1.7,,0,,0,,0,,0,,13.4,,0,,0,,0,,0,,0,,0,,0.2,,0.1,,1.1,,0,,0,,0,
